slope,aspect,elevation,ndvi,humidity,label
2.3222775,312.34546,896.0,0.35184088,67.06067,1
1.0933149,305.6728,930.0,0.2992989,67.06067,1
5.6083794,351.52664,906.0,0.39754158,67.06067,1
7.027521,353.25916,901.0,0.4225611,67.06067,1
0.7911096,63.92041,906.0,0.31566986,67.06067,1
6.539096,336.62665,971.0,0.41718572,67.06067,1
5.9856424,342.80008,890.0,0.35652146,67.06067,1
4.847219,348.04272,913.0,0.4034684,67.06067,1
3.334204,351.84106,907.0,0.39537448,67.06067,1
5.6826506,333.47433,926.0,0.37466154,68.05774,1
3.310735,337.96463,961.0,0.3965195,67.06067,1
3.0240767,34.563637,947.0,0.40650153,67.06067,1
1.5779794,48.618057,932.0,0.39498484,67.06067,1
1.7827072,221.61293,971.0,0.36449564,68.05774,1
4.259308,167.98618,943.0,0.38516933,67.06067,1
2.6558409,156.35725,956.0,0.39262986,67.06067,1
3.7125323,116.883484,925.0,0.37954026,67.06067,1
9.823209,332.64395,1049.0,0.67215556,71.07292,1
15.029413,323.37982,1103.0,0.66845614,71.07292,1
18.93014,318.02127,1204.0,0.66768706,71.07292,1
16.232702,342.86798,1325.0,0.6380806,71.07292,1
13.693549,352.93573,1062.0,0.61137974,72.92775,1
15.879004,354.78973,1057.0,0.663993,71.07292,1
15.333074,336.2197,1087.0,0.6585346,71.07292,1
16.647182,338.51218,1164.0,0.64939696,71.07292,1
19.053846,340.6047,1193.0,0.71303225,71.07292,1
16.437574,335.80948,1275.0,0.6909282,71.07292,1
13.383,320.32584,1310.0,0.6759999,71.07292,1
4.6459165,320.5241,1422.0,0.6080437,71.07292,1
10.498762,47.3921,1360.0,0.61059797,71.07292,1
16.629248,61.909855,1290.0,0.59622693,71.07292,1
5.1998763,81.0459,950.0,0.46841282,71.07292,1
2.1925042,93.02965,927.0,0.45795724,71.07292,1
1.9530267,140.4809,913.0,0.4353749,71.07292,1
10.364831,269.36612,1224.0,0.618161,72.92775,1
5.5848575,342.15524,1272.0,0.6240047,71.07292,1
5.1492257,340.57806,1253.0,0.6352677,71.07292,1
8.2024975,302.23737,1301.0,0.72013956,71.07292,1
8.531317,332.0705,1371.0,0.6123015,71.07292,1
1.5206116,326.97983,1369.0,0.63409555,71.07292,1
2.2904944,207.70988,1385.0,0.61067367,71.07292,1
9.207332,189.53995,1387.0,0.60746443,71.07292,1
6.5163665,111.29397,1411.0,0.6405535,71.07292,1
14.340406,96.133965,1284.0,0.6081811,71.07292,1
15.344187,47.565975,1092.0,0.5494232,71.07292,1
12.453513,47.66679,969.0,0.5780682,71.07292,1
3.4719698,69.5012,934.0,0.49793935,71.07292,1
2.2016277,96.04255,914.0,0.49672872,71.07292,1
1.7425342,3.8950071,891.0,0.6538488,71.07292,1
16.060825,203.47687,1149.0,0.64669144,71.07292,1
12.92926,204.17833,1171.0,0.65835327,71.07292,1
14.573209,217.45033,1240.0,0.6582747,71.07292,1
9.985564,199.54247,1324.0,0.6358393,71.07292,1
10.919429,164.78539,1297.0,0.6793156,71.07292,1
9.338143,168.03264,1275.0,0.68556184,71.07292,1
9.653038,195.50302,1264.0,0.68660474,71.07292,1
12.216762,179.72658,1319.0,0.64547104,71.07292,1
5.811721,154.76295,1263.0,0.65739304,71.07292,1
8.47767,27.227264,1277.0,0.63872904,71.07292,1
11.255565,69.15365,1197.0,0.59318733,71.07292,1
16.631107,59.465153,1097.0,0.59172815,71.07292,1
11.030064,85.23632,948.0,0.5431302,71.07292,1
2.9076047,94.57009,909.0,0.51117015,71.07292,1
0.7298708,29.120218,899.0,0.5380557,71.07292,1
1.7487828,329.4937,903.0,0.59248775,71.07292,1
1.4917638,13.771936,914.0,0.5046084,71.07292,1
1.9237443,63.13916,897.0,0.4892204,71.07292,1
15.572494,216.64882,1097.0,0.6659188,71.07292,1
15.247912,199.48477,1207.0,0.65298945,71.07292,1
12.044559,185.27908,1185.0,0.71830326,71.07292,1
7.578632,198.09741,1226.0,0.7267611,71.07292,1
3.9766219,154.46703,1225.0,0.6695213,71.07292,1
8.828655,167.7092,1197.0,0.67459035,71.07292,1
6.7542815,239.73395,1193.0,0.6582378,71.07292,1
4.028815,27.050024,1296.0,0.6030912,71.07292,1
10.44561,97.25132,1162.0,0.64094925,71.07292,1
13.779278,116.72305,1119.0,0.6380286,71.07292,1
12.194,92.1465,950.0,0.57944304,71.07292,1
2.5651507,75.61621,910.0,0.63835645,71.07292,1
2.2214758,352.3467,908.0,0.5929749,71.07292,1
1.9137737,345.6776,915.0,0.5406049,71.07292,1
1.2501677,37.988304,916.0,0.4737207,71.07292,1
5.7093744,326.07837,1002.0,0.6018163,72.92775,1
5.998108,352.65543,1039.0,0.687785,72.92775,1
5.9109755,41.197094,1015.0,0.6856887,72.92775,1
1.3750687,309.21463,982.0,0.67893577,71.07292,1
3.0626917,225.60193,997.0,0.66669726,71.07292,1
6.9656553,218.12263,1019.0,0.670325,71.07292,1
11.932899,199.41794,1070.0,0.663472,71.07292,1
10.251663,207.1954,1087.0,0.6904936,71.07292,1
9.56098,224.86421,1150.0,0.6836158,71.07292,1
2.7325838,204.28696,1202.0,0.7216843,71.07292,1
2.4360719,182.78412,1169.0,0.71244556,71.07292,1
10.088338,279.16183,1204.0,0.6834135,71.07292,1
1.7838916,84.40739,1339.0,0.5825517,71.07292,1
19.98192,85.85139,1174.0,0.6250711,71.07292,1
14.88165,114.51897,988.0,0.67747146,71.07292,1
4.0293064,94.11822,940.0,0.60064125,71.07292,1
4.7458243,2.1397042,920.0,0.6793454,71.07292,1
5.4472127,350.64648,937.0,0.5608219,71.07292,1
2.2301176,9.159963,935.0,0.53594756,71.07292,1
2.168318,31.230873,931.0,0.53303355,71.07292,1
4.1925287,300.70837,1051.0,0.6535261,72.92775,1
2.8028138,352.7254,1055.0,0.61707133,72.92775,1
5.578648,6.072114,1057.0,0.637359,72.92775,1
5.020938,342.9023,1045.0,0.654003,72.92775,1
3.8275173,3.5416348,1082.0,0.698048,72.92775,1
4.965106,57.607906,1041.0,0.68759644,72.92775,1
4.760435,355.0177,1011.0,0.6863959,72.92775,1
7.200108,332.74207,1048.0,0.6991854,72.92775,1
10.788663,6.8508706,1067.0,0.6785931,72.92775,1
10.587555,18.698956,1026.0,0.67380637,71.07292,1
8.238818,9.860879,1009.0,0.69158167,71.07292,1
6.2361016,359.45825,1002.0,0.6639322,71.07292,1
2.112857,317.7684,1010.0,0.6581983,71.07292,1
5.8228474,263.1626,1026.0,0.70264125,71.07292,1
9.2268095,262.84445,1108.0,0.70924485,71.07292,1
3.277511,237.99315,1182.0,0.723754,71.07292,1
2.6935232,238.9269,1155.0,0.6817717,71.07292,1
8.860546,252.62994,1221.0,0.66134995,71.07292,1
10.606701,169.50958,1299.0,0.6566268,71.07292,1
17.768742,111.28867,1188.0,0.65110594,71.07292,1
14.100872,91.84645,1010.0,0.627706,71.07292,1
1.3391793,52.70647,945.0,0.63076866,71.07292,1
9.489397,339.74814,992.0,0.602558,71.07292,1
4.410267,31.497099,1001.0,0.5464443,71.07292,1
3.8278594,54.927925,953.0,0.5534744,71.07292,1
2.185638,25.667704,948.0,0.5355442,71.07292,1
3.8713665,19.627048,937.0,0.5082844,71.07292,1
1.9651875,340.65668,908.0,0.37315163,69.39432,1
5.161248,322.68106,917.0,0.39268845,69.39432,1
7.9734955,326.91708,961.0,0.40677696,69.39432,1
3.667044,271.80927,963.0,0.62854224,72.92775,1
5.1444397,266.7789,1005.0,0.60750574,72.92775,1
2.797574,211.90987,1050.0,0.6074417,72.92775,1
4.1836057,205.9677,1030.0,0.6199214,72.92775,1
3.9906635,234.54256,1081.0,0.648302,72.92775,1
2.0286045,224.43163,1085.0,0.6561835,72.92775,1
3.7517023,157.78093,1105.0,0.6699215,72.92775,1
2.9594965,92.2431,1061.0,0.6710736,72.92775,1
4.0809884,335.1685,1055.0,0.6657807,72.92775,1
6.7511077,284.35056,1090.0,0.6976736,72.92775,1
4.3700695,295.0653,1166.0,0.68685853,72.92775,1
4.535224,21.38998,1157.0,0.63264364,71.07292,1
8.083717,12.605153,1138.0,0.5997601,71.07292,1
7.4889174,18.79861,1127.0,0.59924686,71.07292,1
6.891019,26.394522,1097.0,0.65240616,71.07292,1
5.3388433,338.60193,1075.0,0.66520494,71.07292,1
5.9303484,285.2468,1130.0,0.6801611,71.07292,1
1.4600245,217.44856,1172.0,0.63507795,71.07292,1
0.86052245,105.63068,1145.0,0.65659267,71.07292,1
5.079665,188.01767,1158.0,0.65922916,71.07292,1
11.991917,151.21335,1157.0,0.6583417,71.07292,1
12.289424,122.914696,1059.0,0.6539237,71.07292,1
6.2436337,97.43875,980.0,0.67802536,71.07292,1
7.664539,313.16785,954.0,0.6262953,71.07292,1
4.662769,322.55145,1075.0,0.5931363,71.07292,1
6.033499,85.60813,1002.0,0.57147264,71.07292,1
3.3581376,40.653946,973.0,0.58028156,71.07292,1
1.3795012,345.08282,965.0,0.5305309,71.07292,1
2.1504574,74.36932,979.0,0.5274155,71.07292,1
3.2681255,73.53132,930.0,0.5312276,71.07292,1
2.9768407,339.04562,929.0,0.42760754,69.39432,1
5.3527827,336.61108,927.0,0.45497844,69.39432,1
7.7407417,314.399,965.0,0.48696613,69.39432,1
5.377832,347.96375,1021.0,0.4241495,69.39432,1
5.481603,78.44477,984.0,0.42624557,69.39432,1
2.4503474,261.84473,966.0,0.64671636,72.92775,1
3.2627585,232.88535,989.0,0.5973375,72.92775,1
3.7629771,180.90007,1010.0,0.5929794,72.92775,1
3.211697,187.40517,990.0,0.56898016,72.92775,1
5.8760014,197.52771,1017.0,0.63007706,72.92775,1
4.981453,183.39774,1020.0,0.6689946,72.92775,1
3.0521255,201.60208,1022.0,0.6913234,72.92775,1
3.7626395,303.63,1039.0,0.6918013,72.92775,1
3.9431927,325.28006,1075.0,0.67004436,72.92775,1
1.5814655,243.91238,1077.0,0.6613787,72.92775,1
6.312179,191.85777,1099.0,0.69686824,72.92775,1
6.0951123,207.04854,1099.0,0.71247905,71.07292,1
2.7808588,213.57504,1146.0,0.6786575,71.07292,1
2.9763498,144.81216,1125.0,0.597723,71.07292,1
2.4416146,161.63976,1117.0,0.6578695,71.07292,1
1.0795034,279.26947,1112.0,0.6553121,71.07292,1
3.7545364,231.92474,1135.0,0.6425215,71.07292,1
3.7115333,194.7636,1162.0,0.65232176,71.07292,1
2.4860582,41.781982,1151.0,0.6563902,71.07292,1
2.7484758,50.784016,1134.0,0.6318689,71.07292,1
3.7259066,88.2194,1115.0,0.5808749,71.07292,1
7.5303173,68.44632,1071.0,0.5890531,71.07292,1
6.565601,18.311436,996.0,0.630024,71.07292,1
12.267502,343.4358,1036.0,0.6173351,71.07292,1
2.6267555,37.448116,1056.0,0.5702585,71.07292,1
4.957684,44.64558,1009.0,0.6395677,71.07292,1
2.643044,58.264202,997.0,0.57177377,71.07292,1
3.0661285,74.66685,971.0,0.5803657,71.07292,1
1.8981609,115.302124,947.0,0.55972266,71.07292,1
1.77045,332.0986,942.0,0.5453666,71.07292,1
4.235503,334.3754,961.0,0.5150852,71.07292,1
5.884958,310.378,954.0,0.4833344,69.39432,1
6.3339815,327.95804,993.0,0.50645757,69.39432,1
7.7363772,333.33954,1011.0,0.53078425,69.39432,1
2.4917626,1.3604335,1052.0,0.46207735,69.39432,1
6.960561,100.98797,1010.0,0.40086415,69.39432,1
4.2737074,320.50757,948.0,0.40349177,67.899414,1
6.8032365,316.83035,979.0,0.42254308,67.899414,1
3.5438986,4.784718,1027.0,0.4516719,67.899414,1
1.1201077,331.6035,948.0,0.59707004,72.92775,1
1.5846142,239.2018,957.0,0.60626453,72.92775,1
2.6180208,219.24661,971.0,0.63750225,72.92775,1
2.5598626,185.30377,985.0,0.65724474,72.92775,1
1.6816362,177.98329,975.0,0.5972186,72.92775,1
3.069726,207.5397,984.0,0.6341368,72.92775,1
4.3793817,256.24356,999.0,0.6687918,72.92775,1
5.9185257,282.39847,1056.0,0.6842211,72.92775,1
3.861291,302.6589,1097.0,0.6588852,72.92775,1
1.1260592,87.04956,1111.0,0.6734805,72.92775,1
3.306453,111.57752,1078.0,0.66934,72.92775,1
3.9776723,167.12236,1059.0,0.6769574,72.92775,1
5.166272,206.46504,1063.0,0.6400801,71.07292,1
6.5925126,191.34225,1098.0,0.6123585,71.07292,1
5.219665,152.37473,1085.0,0.6804703,71.07292,1
4.244137,174.40741,1057.0,0.65958107,71.07292,1
4.0330863,208.91783,1078.0,0.6112263,71.07292,1
3.903607,208.98007,1090.0,0.6611065,71.07292,1
6.158381,236.41177,1110.0,0.67176116,71.07292,1
4.624961,264.97757,1177.0,0.6702189,71.07292,1
1.4510525,47.235325,1188.0,0.71141535,71.07292,1
5.936353,53.59217,1159.0,0.6338506,71.07292,1
5.3307557,51.82649,1107.0,0.6459685,71.07292,1
7.1216826,334.0068,1088.0,0.68728787,71.07292,1
5.877438,346.6538,1160.0,0.6110941,71.07292,1
7.5974174,48.706715,1111.0,0.60147774,71.07292,1
9.127101,47.147026,1063.0,0.52708465,71.07292,1
5.3547573,67.803116,997.0,0.5333624,71.07292,1
2.6092184,46.508965,979.0,0.62077737,71.07292,1
2.6575053,29.320446,965.0,0.58720654,71.07292,1
4.299223,338.21893,957.0,0.5978892,71.07292,1
2.4012914,314.3999,992.0,0.56148106,71.07292,1
5.0645337,301.67764,995.0,0.5047535,69.39432,1
5.53544,286.37177,1020.0,0.5265182,69.39432,1
3.4447484,310.9576,1085.0,0.51647174,69.39432,1
8.890199,322.10165,1005.0,0.4413774,67.899414,1
4.236323,349.55325,1038.0,0.46148345,67.899414,1
2.4871008,47.50749,1018.0,0.4677494,67.899414,1
1.2643176,259.43402,959.0,0.64560854,72.92775,1
0.44936544,67.23251,965.0,0.5847881,72.92775,1
0.91128397,134.40038,952.0,0.6180501,72.92775,1
0.877876,289.277,954.0,0.67164844,72.92775,1
0.43026626,254.3686,966.0,0.6336071,72.92775,1
1.2399517,191.0069,961.0,0.64403254,72.92775,1
2.576295,250.28867,970.0,0.63059217,72.92775,1
4.641426,250.33784,1002.0,0.6386961,72.92775,1
6.1883883,224.07158,1044.0,0.66792506,72.92775,1
6.2392135,197.6017,1075.0,0.65050364,72.92775,1
5.5464783,168.33774,1076.0,0.63146305,72.92775,1
4.199759,141.75276,1056.0,0.69159436,72.92775,1
3.5365605,141.79234,1032.0,0.7192067,72.92775,1
3.187156,182.12657,1019.0,0.64940006,71.07292,1
4.8743777,198.3597,1034.0,0.6512201,71.07292,1
3.1824825,190.70833,1045.0,0.72707117,71.07292,1
1.3794968,194.91649,1044.0,0.66847956,71.07292,1
2.3836322,232.5816,1051.0,0.6530174,71.07292,1
3.152545,257.2657,1076.0,0.65623707,71.07292,1
4.551394,241.94923,1103.0,0.6324761,71.07292,1
5.7689786,209.39668,1144.0,0.68452793,71.07292,1
4.8041005,121.98361,1128.0,0.7072917,71.07292,1
0.6218716,221.78107,1107.0,0.6899387,71.07292,1
5.038,204.95424,1135.0,0.6533886,71.07292,1
2.5501347,155.32033,1143.0,0.638571,71.07292,1
6.99257,69.22512,1117.0,0.5651082,71.07292,1
8.582863,51.92385,1032.0,0.5954723,71.07292,1
5.0364046,31.839098,1002.0,0.60317945,71.07292,1
4.142843,352.62454,987.0,0.6420457,71.07292,1
4.458063,357.72168,1011.0,0.541954,71.07292,1
2.2519581,12.132762,990.0,0.57663995,71.07292,1
1.0112357,55.02762,1051.0,0.5046271,67.899414,1
6.8487086,322.35712,1056.0,0.5179487,67.899414,1
1.8650157,221.78061,944.0,0.63928586,72.92775,1
1.7425331,183.89444,951.0,0.560008,72.92775,1
1.5076048,258.9183,946.0,0.60882324,72.92775,1
2.476543,297.8946,976.0,0.6085583,72.92775,1
1.7050585,49.7768,983.0,0.59798944,72.92775,1
1.0818334,130.01012,954.0,0.62175864,72.92775,1
1.5742071,222.58372,969.0,0.73291415,72.92775,1
2.7858684,192.25777,972.0,0.6490049,72.92775,1
4.2537856,197.79292,979.0,0.5727697,72.92775,1
4.985664,206.74525,994.0,0.63380927,72.92775,1
3.9272017,203.97417,1017.0,0.64061576,72.92775,1
1.8879923,169.16115,1021.0,0.60456586,72.92775,1
1.8481891,155.40402,1011.0,0.64602464,72.92775,1
1.0689031,202.80519,1008.0,0.6491527,71.07292,1
1.5557139,241.03468,1018.0,0.69174623,71.07292,1
0.9487806,266.4975,1031.0,0.6885179,71.07292,1
4.5791826,193.42567,1106.0,0.60064095,71.07292,1
5.271838,287.87936,1112.0,0.5074309,67.899414,1
0.92262834,243.91093,935.0,0.6611678,72.92775,1
1.4091259,210.26344,935.0,0.6058264,72.92775,1
2.4096131,253.23097,947.0,0.60178614,72.92775,1
2.6429214,238.26256,974.0,0.6514664,72.92775,1
2.3266168,140.52908,985.0,0.60155326,72.92775,1
1.5774183,282.7347,1014.0,0.68903524,72.92775,1
0.6911385,109.601585,1024.0,0.66319144,72.92775,1
0.9544385,228.085,937.0,0.6647149,72.92775,1
0.55108905,161.20306,930.0,0.64875335,72.92775,1
1.3637131,287.30734,934.0,0.60743403,72.92775,1
4.464622,285.01974,993.0,0.49217418,69.39432,1
4.0296407,259.2396,939.0,0.42162076,71.42027,1
1.5040364,239.93861,912.0,0.44526818,71.42027,1
3.634061,199.97072,916.0,0.4411149,71.42027,1
4.830834,165.85143,899.0,0.44344822,71.42027,1
8.892105,171.64853,880.0,0.47192404,71.42027,1
2.9677708,336.52148,893.0,0.6747749,73.83593,1
2.9401743,344.84695,908.0,0.67660385,73.83593,1
2.5822635,350.77603,906.0,0.7246878,73.83593,1
2.297158,349.61777,915.0,0.6985084,73.83593,1
3.2510955,335.2813,913.0,0.6251618,73.83593,1
7.5585494,352.39685,938.0,0.6669284,73.83593,1
6.638833,1.5253199,928.0,0.69286543,73.83593,1
3.9950678,358.3053,925.0,0.6935616,73.83593,1
6.199993,347.92798,932.0,0.6061088,73.83593,1
10.804513,329.78397,952.0,0.5928239,73.83593,1
11.535084,335.80322,1025.0,0.64293617,73.83593,1
8.426379,27.394306,1033.0,0.63131195,73.83593,1
13.993705,349.2528,1028.0,0.7555073,73.83593,1
12.669039,13.550197,1008.0,0.7437693,73.83593,1
8.801028,358.85342,977.0,0.6941306,73.83593,1
9.365644,344.38098,1011.0,0.67440915,73.83593,1
7.6011744,329.8008,1020.0,0.6419028,73.83593,1
7.779856,309.5572,1076.0,0.6444401,73.83593,1
1.054079,63.90227,1122.0,0.611825,73.83593,1
6.2756467,312.9064,1170.0,0.725396,73.83593,1
7.3795877,47.18606,1144.0,0.738315,73.83593,1
10.037969,19.42316,1078.0,0.6812697,73.83593,1
7.3368363,14.871743,1087.0,0.6818972,73.83593,1
3.1413193,67.22371,1046.0,0.69715303,73.83593,1
4.7471175,170.69655,1038.0,0.7237698,73.83593,1
9.265978,194.66634,1095.0,0.7327321,73.83593,1
2.332326,278.57147,1142.0,0.7200738,73.83593,1
5.9544334,90.0,1134.0,0.69062006,73.83593,1
8.1783495,92.8246,1041.0,0.6840271,73.83593,1
10.980697,211.79572,1084.0,0.70842475,73.83593,1
9.668172,164.17078,1087.0,0.6999189,73.83593,1
15.631912,326.64316,1012.0,0.5635491,71.99435,1
16.901035,336.78384,974.0,0.49397847,74.0585,1
19.722662,332.74503,1049.0,0.514337,71.99435,1
18.352875,316.53906,1133.0,0.5490703,71.99435,1
19.978298,341.62308,1270.0,0.5415928,71.99435,1
13.429033,303.42523,1194.0,0.48629183,74.0585,1
10.071998,341.00232,1251.0,0.534366,71.99435,1
16.33167,321.92776,1250.0,0.6312565,71.99435,1
15.839843,236.44623,1104.0,0.5605233,74.0585,1
15.553256,252.43958,1215.0,0.55335766,71.99435,1
18.493711,295.246,1361.0,0.5224149,71.99435,1
1.9885471,314.37436,753.0,0.42167056,73.289185,-1
1.2185891,357.2136,756.0,0.6222293,73.289185,-1
0.818568,299.71475,720.0,0.5036396,73.289185,-1
1.2494031,95.32349,747.0,0.44378108,70.842896,-1
0.6981023,355.13168,755.0,0.3468902,70.842896,-1
0.59528923,275.588,778.0,0.4468415,68.91362,-1
1.0774354,225.62563,786.0,0.45266816,68.91362,-1
1.2759011,335.30057,810.0,0.46432763,68.91362,-1
0.9735582,342.2865,754.0,0.320574,67.49863,-1
1.007115,270.0,758.0,0.38545746,67.49863,-1
0.60629755,342.9532,773.0,0.32458737,66.90308,-1
0.7318976,103.74463,757.0,0.43657374,66.90308,-1
0.9638802,233.03352,768.0,0.58210844,70.842896,-1
1.3453541,118.28628,802.0,0.31229424,68.91362,-1
0.8703404,317.1038,778.0,0.3190809,67.49863,-1
2.8276193,292.90454,756.0,0.4795099,73.289185,-1
1.7438706,311.65292,787.0,0.32437244,70.842896,-1
1.050016,6.478694,796.0,0.34949613,70.842896,-1
0.7056021,350.3331,792.0,0.39025044,70.842896,-1
2.6074395,1.3010659,821.0,0.41751084,68.91362,-1
2.4448013,263.1955,851.0,0.47241044,68.91362,-1
2.7091098,110.005165,898.0,0.34678477,68.91362,-1
0.8374373,82.04288,791.0,0.465125,68.91362,-1
0.17773516,270.0,744.0,0.43584305,67.49863,-1
0.8703338,317.10428,769.0,0.2986439,67.49863,-1
0.43060914,285.61862,768.0,0.41088644,66.90308,-1
1.0697118,330.10574,780.0,0.32670012,66.90308,-1
1.1755965,126.27291,737.0,0.43336934,73.289185,-1
1.6158854,261.752,741.0,0.5693912,73.289185,-1
0.13019626,27.067343,778.0,0.6510626,73.289185,-1
1.1283969,308.0527,724.0,0.529301,73.289185,-1
1.2523007,337.76498,738.0,0.5061748,73.289185,-1
1.2874087,7.9339523,843.0,0.4958973,68.91362,-1
1.9079015,291.3746,820.0,0.2944164,67.49863,-1
0.8098,30.801912,728.0,0.4512544,73.289185,-1
0.7132423,274.66156,767.0,0.5238441,70.842896,-1
1.0303662,300.4166,778.0,0.46598184,70.842896,-1
0.7318411,103.74571,766.0,0.3620836,67.49863,-1
1.1314306,84.119415,755.0,0.30290404,67.49863,-1
1.165242,354.16464,770.0,0.3063491,67.49863,-1
1.5572971,81.43927,803.0,0.286937,66.90308,-1
0.5608155,71.93581,780.0,0.35179797,66.90308,-1
0.26381162,296.06964,771.0,0.39551267,66.90308,-1
1.1155019,350.83347,738.0,0.47467703,73.289185,-1
1.121507,251.93553,751.0,0.6549549,73.289185,-1
1.8245983,157.07706,764.0,0.65050113,73.289185,-1
0.7676767,112.18098,727.0,0.50787246,73.289185,-1
1.1496696,328.98718,775.0,0.5809836,70.842896,-1
0.49729902,314.37717,788.0,0.3663921,70.842896,-1
1.539349,329.98752,783.0,0.55821437,70.842896,-1
1.3722494,114.98311,817.0,0.35280937,68.91362,-1
0.89609295,97.43315,769.0,0.31210905,67.49863,-1
0.58017695,225.62282,777.0,0.28516397,67.49863,-1
1.0136651,83.433205,808.0,0.29305473,66.90308,-1
0.83315194,334.74753,783.0,0.28656602,66.90308,-1
1.0773723,225.62234,773.0,0.6286098,70.842896,-1
0.5878414,233.72575,773.0,0.6210886,70.842896,-1
1.4597403,330.8632,796.0,0.36525849,70.842896,-1
1.5481428,346.72998,794.0,0.5484025,70.842896,-1
2.2464507,310.14902,821.0,0.39212212,70.842896,-1
4.565216,100.21793,886.0,0.5008186,68.91362,-1
2.3870974,185.69379,875.0,0.39741412,68.91362,-1
0.88591146,336.34732,771.0,0.30695072,67.49863,-1
0.58017206,134.37766,776.0,0.3117119,67.49863,-1
1.0136487,96.5669,765.0,0.3568263,67.49863,-1
0.5878414,53.72575,790.0,0.2627836,66.90308,-1
0.6509478,332.9338,797.0,0.34548813,66.90308,-1
1.5359194,25.09803,796.0,0.3675473,70.842896,-1
3.3630016,325.7335,802.0,0.3318196,70.842896,-1
1.4226584,267.66525,811.0,0.3384446,70.842896,-1
5.3232064,54.101475,891.0,0.53241724,68.91362,-1
3.5503457,90.93434,818.0,0.3319143,68.91362,-1
0.48788622,103.74636,782.0,0.3864476,68.91362,-1
0.41870743,82.04224,779.0,0.430142,67.49863,-1
1.1496596,328.988,780.0,0.36268294,67.49863,-1
0.79976076,54.562286,795.0,0.30266982,66.90308,-1
0.9495304,93.499725,786.0,0.2926926,66.90308,-1
0.8904231,93.7324,791.0,0.407623,66.90308,-1
0.13189955,116.07113,729.0,0.45291668,73.289185,-1
1.8780015,301.63797,744.0,0.48175454,73.289185,-1
1.6948794,22.604008,816.0,0.5103799,70.842896,-1
1.3017188,27.065445,803.0,0.40828198,70.842896,-1
1.7850935,264.41116,814.0,0.3702681,70.842896,-1
5.560052,49.881435,913.0,0.55307263,68.91362,-1
2.1370194,75.876175,865.0,0.37718773,68.91362,-1
1.2171587,67.607506,799.0,0.35666212,68.91362,-1
1.6363735,257.73163,750.0,0.4300995,73.289185,-1
1.888043,349.1531,797.0,0.63646793,70.842896,-1
0.5455897,102.268364,969.0,0.4055916,68.91362,-1
0.95306337,316.87036,785.0,0.3766961,67.49863,-1
1.164941,229.69931,764.0,0.35037422,67.49863,-1
0.83130366,266.0017,778.0,0.30155092,67.49863,-1
0.7385956,241.90857,786.0,0.42261133,67.49863,-1
1.1313391,95.881065,791.0,0.33063313,66.90308,-1
0.45682532,220.41707,809.0,0.41282883,70.842896,-1
2.094258,340.16718,839.0,0.53599364,70.842896,-1
0.66181654,100.08862,793.0,0.3312535,68.91362,-1
0.53498113,12.79421,772.0,0.384887,67.49863,-1
0.939704,30.282408,758.0,0.16128786,67.49863,-1
1.8124237,251.35333,762.0,0.41013432,73.289185,-1
1.3634155,87.56369,816.0,0.5572628,70.842896,-1
1.6031644,94.146,850.0,0.3873597,68.91362,-1
1.2623454,145.73521,814.0,0.32395196,68.91362,-1
1.0198413,31.51363,784.0,0.4060649,67.49863,-1
0.9632416,205.49542,773.0,0.32967448,67.49863,-1
0.4305504,254.37918,774.0,0.40924954,67.49863,-1
0.9494687,86.500046,795.0,0.2857236,66.90308,-1
0.8416349,34.264347,769.0,0.44357905,73.289185,-1
1.196217,250.17381,754.0,0.4229125,73.289185,-1
1.3234147,259.91104,800.0,0.4688258,70.842896,-1
0.8115003,-0.0,816.0,0.58837366,70.842896,-1
1.3296843,209.33707,928.0,0.5439393,70.842896,-1
1.0288942,16.728048,796.0,0.332144,67.49863,-1
0.8331346,25.249937,794.0,0.39259493,66.90308,-1
0.6220637,318.19913,809.0,0.33690834,66.90308,-1
0.6799311,328.4868,809.0,0.37074956,66.90308,-1
0.7385675,298.0926,811.0,0.29944164,66.90308,-1
0.8201002,351.6946,819.0,0.34165308,66.90308,-1
1.8484117,335.38895,779.0,0.48809904,73.289185,-1
3.7352235,110.88165,784.0,0.3872466,73.289185,-1
2.7086806,110.00848,758.0,0.34017357,73.289185,-1
1.5898724,111.37777,741.0,0.40126875,73.289185,-1
0.9171399,50.802174,825.0,0.49831164,70.842896,-1
4.439884,339.74594,894.0,0.56522536,70.842896,-1
1.1917269,237.657,776.0,0.3033485,67.49863,-1
0.98714006,183.43983,792.0,0.36021227,66.90308,-1
0.83072424,12.350961,795.0,0.39057854,66.90308,-1
1.2857953,341.19037,820.0,0.3686044,66.90308,-1
0.13188913,63.92666,784.0,0.44855675,73.289185,-1
1.9539522,270.0,814.0,0.58486015,70.842896,-1
0.57297575,155.57498,846.0,0.57534826,70.842896,-1
6.8043194,85.13592,910.0,0.64986026,70.842896,-1
1.1084878,114.727715,868.0,0.33168715,68.91362,-1
1.1403701,15.050958,805.0,0.40643266,68.91362,-1
0.98714006,3.4397762,804.0,0.36820927,68.91362,-1
0.9135675,139.58478,795.0,0.30784944,67.49863,-1
0.13019142,332.93683,806.0,0.32232845,66.90308,-1
1.1961825,289.82678,819.0,0.33108267,66.90308,-1
0.88742405,348.44974,824.0,0.33173594,66.90308,-1
3.0880253,59.578915,773.0,0.61997855,73.289185,-1
0.5607245,108.06723,750.0,0.41959575,73.289185,-1
2.1946988,315.46298,756.0,0.40991664,73.289185,-1
5.0024548,133.90854,917.0,0.47673553,68.91362,-1
1.6610731,116.971504,882.0,0.3354135,68.91362,-1
0.68686014,59.578915,763.0,0.3633241,67.49863,-1
0.6035439,258.92548,788.0,0.44943655,66.90308,-1
0.7558668,4.4942675,792.0,0.44171217,66.90308,-1
0.5275356,243.92628,804.0,0.36759228,66.90308,-1
0.41865382,277.9588,808.0,0.36710563,66.90308,-1
0.18691348,251.93277,842.0,0.34017494,66.90308,-1
1.1252577,90.0,758.0,0.38793755,73.289185,-1
0.29389724,306.27872,798.0,0.5803699,73.289185,-1
1.304161,267.45288,814.0,0.5844697,70.842896,-1
1.1601286,314.38232,828.0,0.57947314,70.842896,-1
2.2301486,350.83508,862.0,0.592683,70.842896,-1
2.9187825,37.464664,974.0,0.60947174,70.842896,-1
1.0094104,69.84683,861.0,0.3063661,68.91362,-1
2.4207056,332.31372,863.0,0.34008157,68.91362,-1
1.1084582,65.271576,828.0,0.347952,68.91362,-1
1.8930864,34.262608,834.0,0.31120992,68.91362,-1
0.9634401,79.60189,787.0,0.38436043,67.49863,-1
3.4317625,89.03329,808.0,0.673316,73.289185,-1
1.7414371,80.42221,752.0,0.38933954,73.289185,-1
0.60628223,17.042086,804.0,0.6000258,70.842896,-1
0.9530053,316.87408,799.0,0.6794266,70.842896,-1
2.2812123,253.77711,855.0,0.5804946,70.842896,-1
3.2629845,12.5676565,874.0,0.34984627,68.91362,-1
0.94760543,90.0,818.0,0.35143486,68.91362,-1
1.0134693,83.43192,809.0,0.40532815,67.49863,-1
0.4585814,50.800346,788.0,0.4012436,67.49863,-1
1.1961308,250.17233,780.0,0.31937277,67.49863,-1
0.8874223,11.549713,791.0,0.45931706,67.49863,-1
1.0134693,276.56808,823.0,0.30572483,66.90308,-1
1.0696468,330.11182,839.0,0.37149438,66.90308,-1
1.3232894,100.08991,771.0,0.40688542,74.47225,-1
1.4895302,159.0351,771.0,0.38341177,74.47225,-1
4.163256,160.93503,983.0,0.6261642,71.91381,-1
2.6234903,173.52298,962.0,0.604588,71.91381,-1
2.3646653,55.701153,892.0,0.31580943,69.87366,-1
4.2795224,292.245,853.0,0.3201612,69.87366,-1
2.2232537,159.74774,876.0,0.75812906,74.47225,-1
1.8209809,294.43723,819.0,0.6333438,71.91381,-1
0.4738197,90.0,935.0,0.48644736,71.91381,-1
2.7249348,92.43663,972.0,0.64588714,71.91381,-1
3.0582085,169.97145,947.0,0.5853208,71.91381,-1
2.0902612,216.49721,945.0,0.5938922,71.91381,-1
5.218807,288.06833,875.0,0.36366406,69.87366,-1
1.8595039,55.87951,813.0,0.30007213,68.05774,-1
0.92929864,3.6539001,800.0,0.40798202,68.05774,-1
0.89024967,93.73313,780.0,0.35903698,68.05774,-1
1.1266942,272.9488,794.0,0.3341418,68.05774,-1
0.70651364,228.97772,803.0,0.32350865,67.06067,-1
0.5950967,95.58983,854.0,0.32534656,67.06067,-1
1.0476437,286.0591,768.0,0.3516238,74.47225,-1
2.7598174,52.507675,910.0,0.62070084,71.91381,-1
4.0369186,196.15865,943.0,0.45329505,69.87366,-1
2.3778439,167.05325,905.0,0.35114118,69.87366,-1
4.200072,7.2782025,848.0,0.34909415,69.87366,-1
0.9996181,230.36989,783.0,0.3092403,68.05774,-1
0.08287484,225.61581,804.0,0.38319263,68.05774,-1
0.7627945,351.0668,802.0,0.4319102,67.06067,-1
0.6619139,15.570693,841.0,0.43206307,67.06067,-1
0.9636795,233.02454,776.0,0.6394705,74.47225,-1
4.904162,269.3244,866.0,0.62040544,71.91381,-1
2.1470857,183.1611,923.0,0.44813585,69.87366,-1
0.97659147,65.4515,803.0,0.3085509,68.05774,-1
0.4227056,343.7265,809.0,0.33667433,68.05774,-1
1.6669489,95.98659,824.0,0.6923925,74.47225,-1
2.4378364,84.54541,789.0,0.5099992,74.47225,-1
0.7720694,274.30563,775.0,0.61011684,74.47225,-1
2.1112728,252.42915,817.0,0.583575,71.91381,-1
5.3881254,310.8691,985.0,0.67877316,71.91381,-1
0.5606668,71.93085,916.0,0.59348154,69.87366,-1
1.0651,250.94273,879.0,0.379027,69.87366,-1
2.0261424,83.4314,838.0,0.2905082,68.05774,-1
1.1385012,81.21491,815.0,0.28818887,68.05774,-1
0.595068,275.5901,776.0,0.4474831,68.05774,-1
0.6034777,258.92426,812.0,0.35467595,67.06067,-1
1.271836,111.38093,800.0,0.62072194,74.47225,-1
5.0007634,119.0532,999.0,0.6487473,71.91381,-1
4.5006104,142.83711,965.0,0.5847573,71.91381,-1
0.1868915,71.93057,899.0,0.54765964,69.87366,-1
0.58421713,322.53848,867.0,0.36968958,69.87366,-1
0.8901921,93.73337,807.0,0.31486496,68.05774,-1
0.7785566,98.56335,800.0,0.29792422,68.05774,-1
0.50469375,69.84473,785.0,0.4046492,68.05774,-1
0.4145675,90.0,782.0,0.47044045,68.05774,-1
0.48776624,283.74982,777.0,0.45019776,68.05774,-1
1.1988071,336.72354,867.0,0.3908637,67.06067,-1
1.0933062,25.677458,773.0,0.5060417,74.47225,-1
6.436871,302.5519,838.0,0.6607337,71.91381,-1
0.5826793,354.16653,906.0,0.6454461,71.91381,-1
3.5525775,303.64697,910.0,0.7017445,71.91381,-1
4.241997,330.80692,976.0,0.5822518,71.91381,-1
4.0705385,81.002785,949.0,0.65206563,69.87366,-1
0.75586617,175.5064,889.0,0.4547123,69.87366,-1
1.3184878,116.07702,883.0,0.3481874,69.87366,-1
2.838217,151.34465,843.0,0.40188634,68.05774,-1
1.165238,354.16653,821.0,0.34714177,67.06067,-1
0.7810752,332.9406,825.0,0.60336655,67.06067,-1
1.2556025,277.95993,841.0,0.34719825,67.06067,-1
3.4546285,276.73727,869.0,0.63989097,71.91381,-1
2.3420575,207.05902,857.0,0.532605,71.91381,-1
0.4495504,67.24241,866.0,0.45774826,69.87366,-1
0.8901633,93.73349,818.0,0.43873292,68.05774,-1
0.65932256,63.92261,805.0,0.41159043,68.05774,-1
0.64852995,10.522987,794.0,0.41832465,68.05774,-1
0.8331026,334.75473,832.0,0.57530355,67.06067,-1
1.2931159,60.46023,790.0,0.6484771,74.47225,-1
1.6738751,262.0398,853.0,0.57766855,71.91381,-1
5.25953,278.85117,899.0,0.68991214,71.91381,-1
5.694783,128.97853,973.0,0.619458,71.91381,-1
1.2105013,51.50487,823.0,0.37966254,68.05774,-1
0.58123094,66.4893,796.0,0.25875944,68.05774,-1
0.53298336,90.0,791.0,0.3226634,68.05774,-1
0.7046981,317.7569,803.0,0.28848612,68.05774,-1
0.88741714,348.45193,836.0,0.4686604,67.06067,-1
0.8600214,331.18442,839.0,0.4387126,67.06067,-1
1.9267143,233.0223,865.0,0.32133564,67.06067,-1
0.4143432,225.61256,803.0,0.63699013,74.47225,-1
0.2603701,332.94174,786.0,0.5808951,74.47225,-1
1.2555426,262.03967,791.0,0.67877334,71.91381,-1
2.3088353,76.947624,987.0,0.6833291,71.91381,-1
1.7640266,214.78761,859.0,0.3593755,69.87366,-1
0.7486149,320.74118,817.0,0.37325698,68.05774,-1
0.88586277,23.64547,857.0,0.35943598,67.06067,-1
1.3753617,129.20467,826.0,0.66285294,74.47225,-1
1.2679214,16.271734,801.0,0.5468541,74.47225,-1
2.5186815,194.97926,818.0,0.6379805,71.91381,-1
8.956853,300.0458,873.0,0.69331825,71.91381,-1
4.039063,146.20471,919.0,0.67130464,71.91381,-1
6.63756,190.74992,926.0,0.64803904,71.91381,-1
3.4242337,183.96202,940.0,0.63176686,71.91381,-1
1.5347378,74.67274,875.0,0.31734085,68.05774,-1
3.2247207,333.8782,880.0,0.2867033,67.06067,-1
1.3972911,62.854168,861.0,0.32467392,67.06067,-1
1.1811312,326.53436,787.0,0.67569447,74.47225,-1
1.5358206,334.90985,810.0,0.66772944,74.47225,-1
1.974828,261.56372,962.0,0.6857587,71.91381,-1
3.0188582,151.94244,963.0,0.6479426,71.91381,-1
3.367243,104.94742,932.0,0.41314143,69.87366,-1
1.2930683,60.459034,899.0,0.38736796,69.87366,-1
1.7183975,204.41975,856.0,0.3573581,69.87366,-1
1.6079257,96.20731,812.0,0.34774837,68.05774,-1
0.6629201,314.38837,811.0,0.3782208,68.05774,-1
0.92293286,324.7302,844.0,0.44869745,67.06067,-1
1.2910869,105.625404,860.0,0.6745075,74.47225,-1
1.4981627,278.9015,815.0,0.6118571,71.91381,-1
5.138492,269.35535,891.0,0.64961594,71.91381,-1
1.2438191,221.79254,880.0,0.6758915,71.91381,-1
1.4030998,248.1761,958.0,0.6982305,71.91381,-1
2.2447796,140.74254,879.0,0.42720923,69.87366,-1
1.4725062,145.74345,890.0,0.3432415,68.05774,-1
0.6219829,318.20746,796.0,0.40904513,68.05774,-1
0.68673575,300.4272,802.0,0.34669223,68.05774,-1
0.6066556,298.5386,813.0,0.36056215,68.05774,-1
0.78740317,317.40433,821.0,0.3238291,68.05774,-1
1.7797248,86.26614,819.0,0.7323102,74.47225,-1
1.8454014,116.07959,921.0,0.57562315,71.91381,-1
0.87817854,289.2701,913.0,0.3952551,69.87366,-1
1.1914783,122.350586,891.0,0.4344641,69.87366,-1
1.001242,169.78087,849.0,0.338509,69.87366,-1
2.407069,344.3086,866.0,0.35718104,67.06067,-1
4.957064,345.50824,875.0,0.3989157,67.06067,-1
0.73838073,298.10034,792.0,0.7085599,74.47225,-1
1.0288665,163.27708,821.0,0.6202342,74.47225,-1
2.1621816,298.8391,819.0,0.59451634,74.47225,-1
1.8105704,54.822895,846.0,0.6696049,74.47225,-1
2.0314884,176.65926,897.0,0.34661984,69.87366,-1
1.5069733,195.96205,896.0,0.35446703,69.87366,-1
1.5172516,186.72238,829.0,0.44928408,68.05774,-1
0.95716983,345.67386,825.0,0.29413152,68.05774,-1
3.1060867,329.0533,842.0,0.34926528,68.05774,-1
2.3819523,355.7253,862.0,0.34115365,67.06067,-1
2.3980873,330.42474,856.0,0.6890246,74.47225,-1
2.6350253,81.14786,831.0,0.72392935,74.47225,-1
1.2679135,196.2705,806.0,0.7018384,74.47225,-1
1.8244724,157.08643,876.0,0.37558973,69.87366,-1
0.1318563,63.91968,802.0,0.37274182,68.05774,-1
0.64852715,10.521654,804.0,0.3420242,68.05774,-1
1.9268317,172.94156,1010.0,0.35487962,67.06067,-1
0.3737188,71.92756,799.0,0.6984111,74.47225,-1
1.5794656,17.448309,843.0,0.6440311,71.91381,-1
0.7128967,265.33618,898.0,0.7067078,71.91381,-1
0.58003724,134.39069,875.0,0.49290428,69.87366,-1
0.6363583,123.12991,853.0,0.40036967,69.87366,-1
0.48768422,76.24783,833.0,0.42123607,69.87366,-1
0.33145747,45.60931,808.0,0.43387076,68.05774,-1
0.73836213,61.8989,810.0,0.34648797,68.05774,-1
3.7699044,221.20442,942.0,0.37281945,67.06067,-1
1.3060291,158.7369,901.0,0.39930996,67.06067,-1
1.8205895,114.442825,836.0,0.6360525,74.47225,-1
1.9280063,300.72617,835.0,0.59403116,74.47225,-1
0.88741195,348.45358,843.0,0.58276176,74.47225,-1
0.8781279,250.72873,887.0,0.6796257,71.91381,-1
0.68669444,120.42921,883.0,0.477757,69.87366,-1
2.2972107,10.389388,842.0,0.35827392,69.87366,-1
1.1914233,302.35226,817.0,0.369337,68.05774,-1
3.0432315,287.72717,916.0,0.37259883,68.05774,-1
3.7427118,188.1744,919.0,0.33650517,67.06067,-1
2.196107,133.3109,884.0,0.32727048,67.06067,-1
1.476442,298.10187,810.0,0.68653685,74.47225,-1
1.1485298,281.64572,876.0,0.6424228,71.91381,-1
0.5796621,-0.0,948.0,0.63405967,71.91381,-1
1.4353418,304.42245,845.0,0.38593498,69.87366,-1
3.8653252,346.7362,874.0,0.3281267,69.87366,-1
5.3752155,-0.0,875.0,0.3038797,69.87366,-1
1.2725308,303.13077,815.0,0.31632006,68.05774,-1
2.5516596,357.34164,824.0,0.38851997,68.05774,-1
2.780917,358.7809,868.0,0.31687185,68.05774,-1
0.67412263,104.949036,893.0,0.46629182,67.06067,-1
1.2621766,34.25353,863.0,0.72209895,74.47225,-1
3.0034397,99.99407,879.0,0.6998987,74.47225,-1
2.2238278,73.34601,851.0,0.7028501,74.47225,-1
1.1105223,58.53854,840.0,0.6856476,74.47225,-1
2.134727,297.4787,890.0,0.62356323,71.91381,-1
0.7125819,35.565308,856.0,0.44027352,69.87366,-1
1.720667,68.255295,939.0,0.34926003,69.87366,-1
4.68481,94.957825,888.0,0.34897956,69.87366,-1
1.1457639,335.58304,825.0,0.3034829,68.05774,-1
0.96312284,79.59843,821.0,0.32607982,68.05774,-1
4.6194,328.3722,856.0,0.33793566,68.05774,-1
1.0500084,173.52496,875.0,0.33159706,68.05774,-1
0.91141874,225.60793,897.0,0.37232068,67.06067,-1
1.3104724,212.8271,904.0,0.38249007,67.06067,-1
0.8700884,62.203835,899.0,0.3744627,67.06067,-1
1.7176915,348.0672,877.0,0.7377481,74.47225,-1
1.6805137,54.10969,830.0,0.70661026,74.47225,-1
1.1105092,301.46188,828.0,0.72255844,74.47225,-1
1.4513532,343.41028,847.0,0.6492058,74.47225,-1
1.0648535,70.93815,918.0,0.60103613,71.91381,-1
1.0604717,56.86839,875.0,0.3837462,69.87366,-1
2.3321173,19.261324,902.0,0.302016,68.05774,-1
0.70638984,228.96898,886.0,0.35956398,67.06067,-1
0.91341805,220.40422,891.0,0.37291208,67.06067,-1
2.0570507,343.27887,892.0,0.712452,74.47225,-1
2.0305867,332.2026,904.0,0.7125502,74.47225,-1
1.5848963,300.7921,827.0,0.63624126,74.47225,-1
1.969946,13.907612,906.0,0.66450113,71.91381,-1
1.6664954,275.98822,906.0,0.6631954,71.91381,-1
1.4254787,66.010216,931.0,0.6530622,71.91381,-1
1.6826733,325.74734,938.0,0.6953106,71.91381,-1
3.0925171,36.366802,882.0,0.34023577,69.87366,-1
1.2805729,354.69495,838.0,0.34730217,68.05774,-1
3.3620877,248.79779,891.0,0.3623256,68.05774,-1
2.4196117,231.499,921.0,0.38558978,68.05774,-1
0.9959377,220.83603,873.0,0.36490184,67.06067,-1
1.0197148,31.502031,872.0,0.38190106,67.06067,-1
1.1335728,117.39861,837.0,0.7270111,75.49417,-1
2.1956322,317.63632,919.0,0.44294855,71.07292,-1
0.26368716,116.08288,913.0,0.39588383,71.07292,-1
5.3761063,194.62918,856.0,0.36294866,69.39432,-1
4.372114,168.30272,868.0,0.35008118,69.39432,-1
0.6311552,214.25224,869.0,0.3353964,67.899414,-1
0.6538416,275.08618,877.0,0.38562724,67.899414,-1
1.2526126,346.33154,874.0,0.37255394,67.899414,-1
1.8117721,326.2635,887.0,0.37484872,67.899414,-1
2.1896188,90.0,911.0,0.67633796,75.49417,-1
2.6174748,174.81236,915.0,0.62505114,72.92775,-1
4.258637,316.06293,958.0,0.6743365,72.92775,-1
1.2298162,31.971521,872.0,0.30065817,71.07292,-1
0.35524172,90.0,868.0,0.33474863,71.07292,-1
1.5068253,180.0,849.0,0.36785322,69.39432,-1
0.67407185,284.9502,864.0,0.3618278,67.899414,-1
0.7473295,251.92566,898.0,0.3567975,67.899414,-1
0.8096725,30.78677,877.0,0.3754168,67.899414,-1
1.2300333,8.30155,903.0,0.33399627,67.899414,-1
2.3419244,152.94736,895.0,0.67683995,75.49417,-1
0.7347874,341.19858,827.0,0.72363216,75.49417,-1
0.59487724,275.5919,830.0,0.72069836,75.49417,-1
1.8939261,270.0,853.0,0.7212494,75.49417,-1
11.761428,315.19016,996.0,0.7105322,72.92775,-1
11.681971,44.00276,1055.0,0.6132219,71.07292,-1
1.1021056,18.801424,832.0,0.4001746,69.39432,-1
0.43034968,254.37172,877.0,0.3522331,67.899414,-1
0.6170554,286.36877,888.0,0.36455473,67.899414,-1
1.4687752,53.709774,886.0,0.42981377,67.899414,-1
2.5235462,105.9902,908.0,0.32996055,67.899414,-1
2.0387483,148.49962,880.0,0.73063964,75.49417,-1
2.1527956,165.6763,875.0,0.7194584,75.49417,-1
1.506953,15.959364,835.0,0.7419801,75.49417,-1
2.3082693,283.05563,936.0,0.67813396,72.92775,-1
7.695818,185.26505,1163.0,0.6632274,71.07292,-1
8.375124,79.306984,1082.0,0.64383096,71.07292,-1
1.8259125,48.20464,895.0,0.40149334,71.07292,-1
1.6684557,128.69748,870.0,0.36969125,71.07292,-1
0.5948677,264.40802,848.0,0.36065182,69.39432,-1
0.6866285,239.56757,865.0,0.30792153,67.899414,-1
0.48760995,103.7543,862.0,0.7235047,75.49417,-1
1.39599,355.13522,856.0,0.6997816,75.49417,-1
2.2183013,215.93526,914.0,0.6911618,72.92775,-1
1.9404876,235.43297,940.0,0.7089296,72.92775,-1
1.978173,204.7614,950.0,0.63434774,72.92775,-1
8.323127,188.52998,1033.0,0.65549797,71.07292,-1
17.09933,333.0338,1147.0,0.62120974,71.07292,-1
16.75258,54.44621,1030.0,0.5814771,71.07292,-1
7.3735633,52.986763,956.0,0.49209172,71.07292,-1
0.84149665,34.25052,905.0,0.36927477,71.07292,-1
1.2165514,67.59572,891.0,0.3083348,71.07292,-1
0.7029782,24.902733,852.0,0.32917506,69.39432,-1
0.18370567,341.19913,830.0,0.4617107,69.39432,-1
0.4698178,329.73135,834.0,0.36425453,69.39432,-1
1.716099,59.566757,857.0,0.6742701,75.49417,-1
1.4253215,265.33536,871.0,0.68378454,72.92775,-1
0.95454884,228.09094,885.0,0.6986331,72.92775,-1
0.95280355,316.88705,921.0,0.6958168,72.92775,-1
7.707786,340.37122,1026.0,0.66650707,71.07292,-1
2.2235649,106.65602,907.0,0.35443202,71.07292,-1
0.6618946,15.564701,835.0,0.3699115,69.39432,-1
0.60625863,342.96518,840.0,0.48764917,69.39432,-1
1.4773493,74.06153,903.0,0.70002025,75.49417,-1
0.3736534,71.92429,842.0,0.69650394,75.49417,-1
0.7889912,282.7325,878.0,0.6833295,72.92775,-1
2.759088,307.50397,948.0,0.6625237,72.92775,-1
0.9751197,76.24527,843.0,0.4441356,69.39432,-1
0.26035357,332.94885,854.0,0.3689392,67.899414,-1
0.5841368,322.54877,894.0,0.33334398,67.899414,-1
2.0417948,6.6573377,874.0,0.7169835,72.92775,-1
1.1607155,2.9232247,882.0,0.46355414,71.07292,-1
0.8307033,12.34437,846.0,0.37248892,69.39432,-1
0.5510992,341.19998,859.0,0.3175716,69.39432,-1
1.0770066,225.6033,885.0,0.34551224,67.899414,-1
0.7559367,203.05145,890.0,0.29617673,67.899414,-1
1.0474067,19.821863,905.0,0.3439887,67.899414,-1
0.9900438,331.42352,903.0,0.33468,67.899414,-1
1.9122398,180.0,886.0,0.7400735,75.49417,-1
1.4578365,110.96461,872.0,0.7113903,75.49417,-1
1.4057287,335.09866,861.0,0.73433304,75.49417,-1
4.6779246,318.95752,922.0,0.6868552,72.92775,-1
16.308838,212.46451,1060.0,0.6539233,72.92775,-1
0.47359753,270.0,870.0,0.3882805,67.899414,-1
0.60651964,241.45442,879.0,0.37784,67.899414,-1
0.75354296,-0.0,919.0,0.30294114,67.899414,-1
1.0079656,93.29656,895.0,0.7205053,75.49417,-1
0.64852154,349.481,859.0,0.7538171,75.49417,-1
2.3938453,254.5608,876.0,0.73318845,75.49417,-1
3.910014,34.00972,1021.0,0.67661905,72.92775,-1
10.326168,201.97942,1011.0,0.65815824,71.07292,-1
1.2763305,103.12355,919.0,0.37077117,69.39432,-1
1.9781176,5.14904,872.0,0.33282557,69.39432,-1
0.8308895,39.881096,861.0,0.44228804,69.39432,-1
0.6065121,298.54596,874.0,0.34606105,67.899414,-1
1.043312,-0.0,878.0,0.355681,67.899414,-1
1.7554655,70.72442,854.0,0.71388394,75.49417,-1
0.7045747,317.76794,853.0,0.72839487,75.49417,-1
0.41842136,277.96323,860.0,0.70444155,75.49417,-1
1.6614188,219.88065,882.0,0.7528882,75.49417,-1
2.028039,-0.0,916.0,0.4917559,71.07292,-1
0.71789384,345.67783,895.0,0.36852005,69.39432,-1
2.2797482,344.9574,894.0,0.36101845,69.39432,-1
0.8200897,8.300364,867.0,0.34189102,69.39432,-1
0.9011151,344.7661,888.0,0.38349068,67.899414,-1
0.58104163,293.51883,924.0,0.3396344,67.899414,-1
5.870261,173.65355,959.0,0.6864201,72.92775,-1
1.6494211,349.66507,930.0,0.304728,67.899414,-1
0.7055863,9.659354,899.0,0.40607837,67.899414,-1
0.9391864,337.7806,910.0,0.42085996,67.899414,-1
1.5357227,334.91766,933.0,0.3635614,67.899414,-1
1.674693,14.321719,896.0,0.7209643,72.92775,-1
3.013887,357.75076,891.0,0.37687796,69.39432,-1
0.7604216,326.98193,881.0,0.3026551,69.39432,-1
1.1681106,322.55145,923.0,0.3167515,67.899414,-1
1.3343405,177.45778,929.0,0.7155963,75.49417,-1
1.7936316,286.90436,934.0,0.7074709,72.92775,-1
3.1452258,314.39944,917.0,0.43625322,69.39432,-1
3.4918494,5.8307514,901.0,0.3127158,69.39432,-1
2.058854,9.929605,904.0,0.26778662,69.39432,-1
4.7337637,273.50232,917.0,0.33479252,69.39432,-1
1.8206128,350.64694,898.0,0.3435415,67.899414,-1
1.1831286,348.45682,900.0,0.38841066,67.899414,-1
1.9155828,278.6994,885.0,0.75024956,75.49417,-1
2.036783,253.47183,923.0,0.6780828,75.49417,-1
0.8414538,325.75375,978.0,0.6887752,72.92775,-1
1.5436553,339.81552,935.0,0.6757175,72.92775,-1
7.3097143,331.10202,966.0,0.41215274,69.39432,-1
6.940282,11.257116,988.0,0.43404165,69.39432,-1
1.7385118,-0.0,907.0,0.29090884,69.39432,-1
1.5172439,6.719912,883.0,0.71344334,75.49417,-1
1.1727215,188.70848,894.0,0.68151915,75.49417,-1
8.122286,35.38874,971.0,0.4105346,69.39432,-1
3.089776,353.40576,939.0,0.33404356,67.899414,-1
0.95351857,291.391,935.0,0.3132212,67.899414,-1
0.9495535,299.23138,858.0,0.66740674,75.49417,-1
2.0386322,211.49506,1080.0,0.67782307,71.07292,-1
7.1151285,8.567718,1100.0,0.4921286,71.07292,-1
0.9900111,331.427,965.0,0.408766,67.899414,-1
2.7239816,53.45813,948.0,0.38564172,67.899414,-1
5.171878,216.40831,991.0,0.5445545,67.899414,-1
1.9083645,311.91455,955.0,0.6533859,72.92775,-1
1.1861695,243.91093,1002.0,0.6696408,71.07292,-1
3.1939704,168.2497,1056.0,0.74557096,71.07292,-1
2.2318308,213.82645,1054.0,0.71923494,71.07292,-1
5.4213963,187.5059,1040.0,0.6474004,71.07292,-1
4.184566,123.58191,1066.0,0.57289845,69.39432,-1
0.8284385,314.4013,1108.0,0.4333584,69.39432,-1
0.7809892,207.04704,949.0,0.34659916,67.899414,-1
1.6398396,171.70056,954.0,0.43766397,67.899414,-1
2.4991713,28.254993,975.0,0.51114756,67.899414,-1
0.9442514,349.1615,884.0,0.6645183,75.49417,-1
0.31785235,111.391914,875.0,0.7385242,75.49417,-1
1.1304525,275.88568,943.0,0.6494102,72.92775,-1
0.45667636,139.60487,1042.0,0.66828763,71.07292,-1
1.5069256,164.04428,1003.0,0.6681139,71.07292,-1
6.4400687,185.77812,1029.0,0.5687249,71.07292,-1
5.1902666,81.6746,996.0,0.45961002,69.39432,-1
4.1732826,193.92738,983.0,0.5030151,69.39432,-1
7.028304,101.35889,940.0,0.4141953,69.39432,-1
1.81194,187.5058,907.0,0.4310204,69.39432,-1
1.3296565,229.16916,947.0,0.34007668,67.899414,-1
1.7487105,329.49774,957.0,0.44158086,67.899414,-1
0.803602,253.23045,885.0,0.74383175,75.49417,-1
1.0324985,102.976425,889.0,0.70603096,75.49417,-1
0.606437,298.54984,894.0,0.7334436,72.92775,-1
1.4349808,124.432335,1004.0,0.68082666,72.92775,-1
1.2414739,120.900116,1014.0,0.62565815,71.07292,-1
2.263529,153.62057,987.0,0.47499916,71.07292,-1
2.8853073,122.81944,1009.0,0.43561944,69.39432,-1
0.7178868,345.68005,874.0,0.7234848,75.49417,-1
1.0698266,347.2158,896.0,0.7324774,75.49417,-1
1.2805692,354.69675,896.0,0.66900444,75.49417,-1
4.0220313,92.47405,963.0,0.3118194,69.39432,-1
2.8287773,164.22905,1033.0,0.4716343,67.899414,-1
2.2509975,272.95078,896.0,0.70834553,75.49417,-1
1.242509,314.40314,889.0,0.7004679,75.49417,-1
0.9899929,331.42896,903.0,0.6944343,75.49417,-1
1.4692867,18.79609,897.0,0.7043033,75.49417,-1
1.0688902,337.19644,895.0,0.68524027,75.49417,-1
1.5747845,6.4725623,904.0,0.70600295,72.92775,-1
1.489398,339.04837,925.0,0.7069829,72.92775,-1
1.2228884,354.44583,927.0,0.7598203,72.92775,-1
0.9046268,281.08255,984.0,0.70954895,71.07292,-1
2.3216455,227.64032,1000.0,0.6344669,71.07292,-1
2.090239,232.42128,1026.0,0.6452727,71.07292,-1
5.9339542,173.15022,965.0,0.4219645,69.39432,-1
3.827515,183.54106,968.0,0.34163716,69.39432,-1
1.9701414,180.0,899.0,0.38949877,69.39432,-1
3.6962993,286.3735,895.0,0.45624655,67.899414,-1
3.4397745,157.78381,999.0,0.47768974,67.899414,-1
2.7449949,141.3302,1012.0,0.51183075,67.899414,-1
3.8212981,119.990715,970.0,0.53594446,67.899414,-1
1.4532353,301.22812,909.0,0.73973644,75.49417,-1
4.739113,338.04852,930.0,0.7477389,72.92775,-1
5.140695,348.0717,943.0,0.70386124,72.92775,-1
2.1527553,14.319518,947.0,0.7102246,72.92775,-1
1.7271347,159.96529,987.0,0.66156554,72.92775,-1
1.4029901,122.4811,978.0,0.732386,71.07292,-1
0.48747706,76.241875,984.0,0.69454104,71.07292,-1
0.98998934,28.570673,975.0,0.6989844,71.07292,-1
2.8692908,165.68048,974.0,0.5538693,71.07292,-1
1.5857967,128.40892,933.0,0.38352957,69.39432,-1
0.7045135,222.22656,923.0,0.5147537,69.39432,-1
3.8998706,186.08904,936.0,0.37939653,69.39432,-1
1.9004179,207.83958,930.0,0.33977655,69.39432,-1
3.230135,68.989395,927.0,0.42221335,69.39432,-1
2.2800858,146.98613,913.0,0.4685425,67.899414,-1
10.388627,347.636,992.0,0.5251758,67.899414,-1
1.3475128,255.04477,900.0,0.74352866,78.058815,-1
2.6565309,304.53708,910.0,0.7238433,78.058815,-1
5.19603,327.7308,943.0,0.745514,75.6596,-1
9.534894,353.64435,1005.0,0.7364649,75.6596,-1
6.788187,25.716127,969.0,0.7248447,75.6596,-1
4.1084704,340.68442,959.0,0.71694887,75.6596,-1
2.0610025,338.089,982.0,0.63147527,73.83593,-1
5.591265,10.949006,997.0,0.70346355,73.83593,-1
0.73476166,161.20447,849.0,0.428866,71.42027,-1
3.743264,343.48907,927.0,0.6940948,78.058815,-1
8.165029,13.319804,1120.0,0.71019703,75.6596,-1
4.1691976,9.790785,1088.0,0.65270334,75.6596,-1
4.5679297,339.56818,1096.0,0.67444223,75.6596,-1
2.790103,342.73785,1035.0,0.6598731,75.6596,-1
1.4398004,147.70502,960.0,0.66786265,73.83593,-1
2.2025003,358.4609,1017.0,0.62477666,73.83593,-1
2.8824384,216.50993,1006.0,0.66028017,73.83593,-1
1.9527986,39.51099,1020.0,0.39719078,71.42027,-1
4.2199755,46.7181,971.0,0.46455607,71.42027,-1
3.4536183,253.44142,851.0,0.4387084,69.76342,-1
4.142833,172.62558,923.0,0.4528265,69.76342,-1
1.2424684,314.40497,931.0,0.7065149,78.058815,-1
7.7286305,357.38248,974.0,0.7648835,78.058815,-1
3.3058705,164.44005,1065.0,0.6486714,75.6596,-1
4.5882792,329.01172,1031.0,0.70890105,75.6596,-1
2.77653,318.67853,1065.0,0.6456534,75.6596,-1
0.74706936,251.91914,1035.0,0.693615,75.6596,-1
1.7475439,354.17035,1025.0,0.6883167,75.6596,-1
5.8274784,187.5606,1040.0,0.6547919,73.83593,-1
6.683899,158.81378,1108.0,0.66087896,73.83593,-1
6.586743,166.5503,990.0,0.4392236,71.42027,-1
2.1729786,170.59906,936.0,0.36758772,71.42027,-1
2.5960982,101.5851,902.0,0.40331697,71.42027,-1
1.9082294,228.08182,945.0,0.48754135,71.42027,-1
3.898706,107.27225,873.0,0.37926778,71.42027,-1
2.773152,196.095,808.0,0.39995092,71.42027,-1
5.8186736,56.221943,923.0,0.4709022,69.76342,-1
2.0018377,169.7865,1041.0,0.6596038,75.6596,-1
1.1607145,177.07767,1010.0,0.6877789,75.6596,-1
9.2270775,169.74431,937.0,0.60751486,73.83593,-1
3.964927,192.04282,855.0,0.49711746,69.76342,-1
3.9377904,282.73648,1083.0,0.5034815,69.76342,-1
2.301298,232.82733,913.0,0.419173,69.76342,-1
2.2587628,289.4786,940.0,0.7737302,78.058815,-1
5.0190153,271.32022,1045.0,0.800559,78.058815,-1
1.7395176,178.05087,1008.0,0.6841259,75.6596,-1
1.1570663,197.8697,945.0,0.7357452,73.83593,-1
9.033344,113.63596,951.0,0.67515355,73.83593,-1
2.5472274,167.93796,907.0,0.48400116,71.42027,-1
3.0970995,187.67963,907.0,0.5006811,71.42027,-1
2.5022562,185.42526,922.0,0.37277466,71.42027,-1
1.9349657,351.20673,943.0,0.7416009,78.058815,-1
4.1229353,169.26398,1005.0,0.7572478,78.058815,-1
7.44563,172.27815,1005.0,0.75959593,78.058815,-1
3.4386337,227.66171,997.0,0.7031728,75.6596,-1
2.6576393,229.16463,1018.0,0.7368515,75.6596,-1
1.2756529,204.67516,1007.0,0.7100281,75.6596,-1
2.6713312,274.97595,1021.0,0.7383113,75.6596,-1
1.4837555,94.48049,955.0,0.6191155,73.83593,-1
0.587459,53.698376,951.0,0.66760415,73.83593,-1
1.842233,95.41485,959.0,0.5687192,73.83593,-1
1.2145165,144.22107,935.0,0.7353342,73.83593,-1
6.622146,196.54147,964.0,0.58351433,73.83593,-1
8.3441105,166.56151,860.0,0.35786566,71.42027,-1
8.923981,209.56145,834.0,0.4279592,69.76342,-1
18.763918,156.52802,830.0,0.42769697,69.76342,-1
2.493617,303.8877,983.0,0.7084396,75.6596,-1
2.7900834,162.73914,1021.0,0.73953545,75.6596,-1
1.5882986,155.81006,998.0,0.71633387,75.6596,-1
10.611542,177.47214,861.0,0.4889633,73.83593,-1
18.766212,193.89606,604.0,0.44555616,69.76342,-1
12.853541,188.59119,643.0,0.51425976,69.76342,-1
16.467098,282.85477,698.0,0.39525634,69.76342,-1
10.757052,144.0431,782.0,0.4345218,69.76342,-1
0.42407665,236.85492,942.0,0.7229366,78.058815,-1
1.1642747,130.3285,990.0,0.67385435,75.6596,-1
0.8760428,217.4406,976.0,0.71117,75.6596,-1
2.2682965,65.87809,964.0,0.65948987,73.83593,-1
3.998298,162.80971,892.0,0.54912883,73.83593,-1
6.1733127,124.79064,647.0,0.5148925,71.42027,-1
9.186086,149.69658,755.0,0.42349795,69.76342,-1
1.1616355,293.52585,939.0,0.7591401,78.058815,-1
1.159604,45.592297,918.0,0.76654595,78.058815,-1
3.5442467,195.47485,943.0,0.76446027,78.058815,-1
2.7326949,175.03436,934.0,0.7132202,78.058815,-1
1.0809563,298.85428,956.0,0.7070986,78.058815,-1
2.082474,346.86526,960.0,0.69786257,75.6596,-1
2.2025003,1.5389138,1027.0,0.753622,75.6596,-1
12.936822,159.74318,809.0,0.57287383,73.83593,-1
15.833445,20.242117,761.0,0.4821732,71.42027,-1
4.84423,288.0825,489.0,0.4833565,71.42027,-1
0.78886855,311.3993,916.0,0.76423925,78.058815,-1
0.80344903,286.77283,912.0,0.78308463,78.058815,-1
1.8220258,317.0126,944.0,0.71367395,78.058815,-1
3.001222,10.212548,960.0,0.720398,78.058815,-1
2.6094463,2.5978565,1000.0,0.7211816,75.6596,-1
1.9046065,134.40816,677.0,0.6585257,73.83593,-1
9.118593,354.83124,856.0,0.45912623,71.42027,-1
10.127358,13.033145,875.0,0.5589963,71.42027,-1
10.184166,7.598952,851.0,0.49462172,71.42027,-1
6.904738,39.76843,835.0,0.41258496,71.42027,-1
14.792485,359.5518,784.0,0.40681836,69.76342,-1
19.797161,9.413065,700.0,0.4245046,69.76342,-1
20.141308,27.688202,653.0,0.46321818,69.76342,-1
1.2791659,149.41591,1019.0,0.7565285,75.6596,-1
2.4813752,239.09424,990.0,0.6655223,75.6596,-1
0.9899496,208.56645,923.0,0.7372392,73.83593,-1
1.4022653,111.837555,948.0,0.64776725,73.83593,-1
2.0588343,9.926493,865.0,0.5820875,73.83593,-1
0.8034373,253.22691,901.0,0.4791874,71.42027,-1
8.330806,13.04439,814.0,0.39186797,69.76342,-1
9.827686,12.744631,781.0,0.37471047,69.76342,-1
14.86076,14.425155,520.0,0.4562544,69.76342,-1
2.984695,40.820133,961.0,0.80093515,78.058815,-1
2.1125064,137.7789,968.0,0.73692495,75.6596,-1
2.6070752,315.31854,916.0,0.46100742,71.42027,-1
1.3388678,52.696312,911.0,0.6102789,71.42027,-1
1.1000576,147.46103,886.0,0.4789601,71.42027,-1
2.6927974,121.08241,860.0,0.3959642,71.42027,-1
15.438952,14.732122,678.0,0.4301797,71.42027,-1
1.2647839,62.725735,855.0,0.3711352,69.76342,-1
2.430855,58.37783,841.0,0.3882452,69.76342,-1
15.31844,6.495082,682.0,0.43648815,69.76342,-1
1.738947,242.18944,925.0,0.75823027,78.058815,-1
0.36738864,198.79219,973.0,0.7905277,78.058815,-1
3.4287982,184.9444,1025.0,0.77942294,78.058815,-1
1.8449332,144.75015,956.0,0.7312544,75.6596,-1
2.4009933,59.554737,912.0,0.53658015,73.83593,-1
2.5079856,97.966385,919.0,0.52895576,71.42027,-1
8.459517,359.6021,781.0,0.4202674,71.42027,-1
2.3310208,236.85242,990.0,0.78842044,78.058815,-1
2.133444,153.66742,1028.0,0.76963866,75.6596,-1
3.0122,78.91486,963.0,0.7547543,75.6596,-1
1.7958909,238.91678,971.0,0.7359093,75.6596,-1
1.3794662,165.08829,911.0,0.7160862,73.83593,-1
4.0154757,227.35999,899.0,0.61950105,73.83593,-1
2.1603057,332.26138,929.0,0.56084585,73.83593,-1
3.146448,84.71993,868.0,0.42532587,71.42027,-1
1.660044,48.448875,836.0,0.4226384,71.42027,-1
2.9007025,16.580185,855.0,0.3553956,69.76342,-1
4.468231,153.29724,831.0,0.4174578,69.76342,-1
2.790056,162.74095,791.0,0.47640115,69.76342,-1
4.3675804,203.93312,804.0,0.4435217,69.76342,-1
2.814186,314.40997,802.0,0.43409202,69.76342,-1
1.9596924,264.91083,929.0,0.7695864,78.058815,-1
2.281932,319.61346,981.0,0.83608073,78.058815,-1
3.2515686,88.97958,990.0,0.77135295,75.6596,-1
2.6866715,149.58891,957.0,0.69575834,75.6596,-1
1.555506,98.57067,859.0,0.519136,71.42027,-1
4.314315,164.92374,785.0,0.3904449,69.76342,-1
0.66186947,15.556884,976.0,0.7838019,78.058815,-1
2.8630538,341.9554,893.0,0.70458084,73.83593,-1
2.3177774,116.73976,916.0,0.4989756,71.42027,-1
3.0690045,154.92714,895.0,0.48048627,71.42027,-1
3.3263056,172.85475,894.0,0.42429695,71.42027,-1
3.3172464,131.55203,821.0,0.41201165,69.76342,-1
2.7661614,144.75143,791.0,0.41436985,69.76342,-1
2.7989159,108.08436,761.0,0.44075274,69.76342,-1
4.5460906,162.61786,621.0,0.4867241,69.76342,-1
1.8735951,196.5072,965.0,0.78433496,78.058815,-1
0.7906186,243.90298,974.0,0.7839765,78.058815,-1
0.67973095,148.51431,952.0,0.78214663,75.6596,-1
2.427296,338.565,735.0,0.46182716,69.76342,-1
20.449347,159.40585,538.0,0.43153593,69.76342,-1
2.6560433,304.54434,947.0,0.79166174,78.058815,-1
0.9484187,266.49615,960.0,0.770143,78.058815,-1
2.364556,282.73923,1079.0,0.69513977,78.058815,-1
0.83640486,97.96701,982.0,0.7590244,75.6596,-1
1.7125835,63.90263,982.0,0.7322913,75.6596,-1
2.0073261,22.522705,884.0,0.50083995,71.42027,-1
3.6589775,4.631506,428.0,0.4774522,69.76342,-1
4.3735056,267.72556,1044.0,0.7458189,78.058815,-1
3.3141325,145.20206,987.0,0.73096466,78.058815,-1
2.2779446,226.62875,968.0,0.75893205,75.6596,-1
2.2482464,211.74193,952.0,0.78566664,75.6596,-1
2.4466207,139.26364,946.0,0.5898819,71.42027,-1
0.7885714,77.26059,882.0,0.5009577,71.42027,-1
1.6240364,108.73303,866.0,0.42314753,71.42027,-1
2.0294197,299.0376,980.0,0.73589355,78.058815,-1
2.265064,13.590386,970.0,0.7769616,78.058815,-1
2.266534,4.489448,962.0,0.80285335,78.058815,-1
1.7962517,112.77629,973.0,0.71519035,78.058815,-1
1.4721177,145.76567,955.0,0.75931436,75.6596,-1
10.079841,272.28326,932.0,0.6941733,73.83593,-1
7.3872085,177.26071,1033.0,0.650256,73.83593,-1
1.6144935,315.882,934.0,0.6045277,73.83593,-1
2.031483,356.66193,967.0,0.5372915,71.42027,-1
1.0473393,19.811644,890.0,0.5527977,71.42027,-1
0.9349268,352.72897,886.0,0.5189589,71.42027,-1
2.7932498,103.18533,765.0,0.4888244,69.76342,-1
3.2798169,23.356628,717.0,0.45659783,69.76342,-1
1.754642,250.71501,960.0,0.7377012,78.058815,-1
5.9842362,6.2210484,1005.0,0.70986784,78.058815,-1
2.4339175,178.60785,981.0,0.6979963,78.058815,-1
0.42068794,145.7661,905.0,0.79223967,75.6596,-1
4.3993506,140.88553,995.0,0.69371057,73.83593,-1
2.0796854,141.27121,971.0,0.5655274,73.83593,-1
1.2144175,35.77245,912.0,0.43836054,71.42027,-1
1.1402849,15.035024,898.0,0.4769393,71.42027,-1
1.3027605,92.54986,853.0,0.41532135,71.42027,-1
1.7978724,36.312233,825.0,0.5205999,71.42027,-1
4.463102,105.02502,682.0,0.54162246,69.76342,-1
2.5039308,193.6592,958.0,0.7466726,78.058815,-1
3.5530238,266.26297,972.0,0.7962874,78.058815,-1
5.606121,332.42606,1086.0,0.80112255,78.058815,-1
8.062762,0.8353794,1077.0,0.72998697,78.058815,-1
1.5114734,203.03926,947.0,0.77185357,75.6596,-1
1.6816351,182.01575,931.0,0.7694056,75.6596,-1
10.055384,191.07993,983.0,0.7290285,73.83593,-1
0.6626219,134.41362,951.0,0.5984202,73.83593,-1
1.5423323,85.69008,889.0,0.5447277,71.42027,-1
4.0397015,101.56981,746.0,0.5323203,69.76342,-1
3.999636,19.857895,751.0,0.41397017,69.76342,-1
5.451711,275.47482,1111.0,0.7615062,81.50749,-1
6.4091854,100.37767,1088.0,0.7717414,81.50749,-1
3.8453095,43.73748,1003.0,0.70486647,81.50749,-1
2.6292644,231.91054,949.0,0.7071698,79.578995,-1
2.5565908,201.71779,981.0,0.7693364,79.578995,-1
3.226983,134.41408,965.0,0.7508955,79.578995,-1
0.3398686,328.51675,910.0,0.7509137,79.578995,-1
2.0590308,293.20203,918.0,0.705944,79.578995,-1
4.5790877,202.75568,930.0,0.70535344,77.0626,-1
2.3085275,191.82504,936.0,0.5610239,74.0585,-1
1.3431368,145.0715,896.0,0.56206983,74.0585,-1
1.899958,12.586024,939.0,0.4177079,74.0585,-1
1.7192124,86.134445,928.0,0.44137037,74.0585,-1
1.1020269,18.789412,895.0,0.478825,74.0585,-1
1.5980599,340.54132,845.0,0.5062298,71.99435,-1
1.774538,111.052185,945.0,0.72724706,79.578995,-1
3.13735,191.96031,936.0,0.71552056,79.578995,-1
0.352801,9.654063,973.0,0.78120255,79.578995,-1
2.0988464,80.46557,975.0,0.6131471,77.0626,-1
1.8853362,70.239235,867.0,0.4447507,74.0585,-1
2.1124356,16.257416,880.0,0.48044223,74.0585,-1
2.735644,76.5314,807.0,0.4740735,71.99435,-1
3.2501907,248.02884,945.0,0.7977465,81.50749,-1
0.8980511,301.08765,977.0,0.81642425,81.50749,-1
0.63543063,111.4009,934.0,0.7667096,81.50749,-1
2.16227,130.02406,921.0,0.762182,79.578995,-1
7.3045425,353.9887,941.0,0.75122184,77.0626,-1
4.7148476,353.5301,1002.0,0.7010846,77.0626,-1
5.8648944,344.8488,1014.0,0.7379761,77.0626,-1
6.7100997,355.9737,1032.0,0.71365255,77.0626,-1
2.664408,20.795282,840.0,0.58963734,71.99435,-1
2.7313,45.585014,843.0,0.54504997,71.99435,-1
8.964957,323.90753,1032.0,0.78827035,81.50749,-1
12.003304,327.37885,1150.0,0.7249482,81.50749,-1
2.2814867,123.96471,912.0,0.78501374,79.578995,-1
6.8908434,334.70892,942.0,0.7197777,77.0626,-1
13.115467,9.695486,1110.0,0.6991086,77.0626,-1
0.17748922,90.0,949.0,0.46351737,74.0585,-1
0.87746483,70.71359,873.0,0.5266746,74.0585,-1
7.862068,345.271,849.0,0.55746627,71.99435,-1
3.093417,77.017586,996.0,0.7500465,81.50749,-1
0.8714659,183.89241,911.0,0.62331516,79.578995,-1
2.4650898,106.380424,932.0,0.7571988,79.578995,-1
13.774296,328.23022,1014.0,0.68137205,77.0626,-1
12.030109,4.446372,1103.0,0.7405291,77.0626,-1
19.250067,344.74243,1149.0,0.6549584,77.0626,-1
5.835432,8.13161,966.0,0.6219779,74.0585,-1
1.1844969,272.80472,919.0,0.4302629,74.0585,-1
1.2185849,2.7823856,889.0,0.51040995,74.0585,-1
2.6074376,358.70074,891.0,0.5792398,74.0585,-1
16.534197,348.97098,940.0,0.6131949,71.99435,-1
11.945316,8.137147,913.0,0.5441394,71.99435,-1
0.69558406,-0.0,987.0,0.7927901,79.578995,-1
2.6038876,87.44986,965.0,0.78196245,79.578995,-1
10.265211,0.32667324,1032.0,0.67657924,74.0585,-1
20.715897,347.54376,1085.0,0.62158126,71.99435,-1
10.682681,118.86196,1099.0,0.7523941,81.50749,-1
1.8181187,342.97696,927.0,0.79890615,79.578995,-1
12.928381,326.40872,1030.0,0.74247926,79.578995,-1
20.951338,23.522787,1585.0,0.6065699,77.0626,-1
17.792562,4.9836087,1329.0,0.74194014,77.0626,-1
21.34533,342.3111,1173.0,0.5852468,74.0585,-1
9.982207,69.82452,1001.0,0.51049405,74.0585,-1
2.0810523,61.74929,941.0,0.5223226,74.0585,-1
1.1678424,37.431374,926.0,0.5959681,74.0585,-1
1.6695849,322.97156,913.0,0.575766,74.0585,-1
19.345201,10.677796,1178.0,0.5895478,71.99435,-1
14.21632,259.18158,1203.0,0.7455872,81.50749,-1
3.925482,199.33162,984.0,0.7279919,81.50749,-1
4.341714,276.88824,946.0,0.68885666,79.578995,-1
2.2665093,203.03664,967.0,0.75745565,79.578995,-1
12.920886,26.45987,1248.0,0.55992436,74.0585,-1
15.204663,356.07883,1481.0,0.56160754,74.0585,-1
6.779574,338.07013,976.0,0.5911516,74.0585,-1
5.039001,27.930595,937.0,0.57298297,74.0585,-1
15.633642,281.0472,1058.0,0.49863997,74.0585,-1
23.437698,4.78176,1380.0,0.5203104,71.99435,-1
1.533418,121.94595,961.0,0.68060976,81.50749,-1
1.9002138,152.17207,955.0,0.63525605,79.578995,-1
3.0518627,338.4104,966.0,0.82721466,79.578995,-1
4.804535,332.96625,960.0,0.82021654,79.578995,-1
11.655235,275.065,1027.0,0.77895933,79.578995,-1
20.703995,270.9203,2079.0,0.5900865,77.0626,-1
33.57444,330.1468,1468.0,0.45437592,74.0585,-1
19.034845,0.34294236,1225.0,0.5582319,71.99435,-1
3.2838178,290.6505,950.0,0.78200936,81.50749,-1
3.2561562,185.20628,925.0,0.72052777,79.578995,-1
2.3346744,142.56993,907.0,0.789544,79.578995,-1
0.9221905,296.1024,912.0,0.68366265,79.578995,-1
7.3397818,255.9073,2149.0,0.6560399,77.0626,-1
25.299982,39.791016,1862.0,0.5934858,74.0585,-1
29.954983,357.33014,1538.0,0.712879,71.99435,-1
30.192518,355.11374,1529.0,0.6888084,71.99435,-1
2.4451644,334.20142,910.0,0.7097169,79.578995,-1
6.2091975,320.51944,1000.0,0.8275796,79.578995,-1
10.007446,275.9236,1809.0,0.8019871,77.0626,-1
6.32531,94.71187,2069.0,0.7643624,77.0626,-1
20.449085,342.76587,1251.0,0.59733677,74.0585,-1
4.758826,298.29254,1068.0,0.7182576,81.50749,-1
0.8857034,156.3781,888.0,0.7397881,81.50749,-1
0.7516147,308.09473,872.0,0.74571925,81.50749,-1
2.0554008,154.43608,897.0,0.7462329,79.578995,-1
0.9871353,183.43521,898.0,0.7802936,79.578995,-1
7.4480615,327.5182,986.0,0.5595164,79.578995,-1
9.617324,334.3672,1047.0,0.84554756,79.578995,-1
8.918743,317.85135,1100.0,0.8079096,79.578995,-1
10.547058,309.07486,1149.0,0.81801236,79.578995,-1
13.25452,293.00806,1240.0,0.8139533,79.578995,-1
25.74958,356.80963,1357.0,0.8308917,79.578995,-1
1.6695275,322.97418,2051.0,0.69745636,77.0626,-1
1.7423865,311.69638,2081.0,0.75789624,77.0626,-1
1.3816992,337.34116,2055.0,0.81525356,77.0626,-1
15.376593,100.385414,1955.0,0.7229717,77.0626,-1
16.854317,339.2417,1123.0,0.63233584,74.0585,-1
21.925095,315.96265,1218.0,0.60914046,74.0585,-1
18.205593,330.8845,1934.0,0.52351743,74.0585,-1
21.874882,340.46994,1268.0,0.6868886,74.0585,-1
21.070543,276.1808,1663.0,0.71634364,71.99435,-1
8.074513,111.3282,1047.0,0.72093636,81.50749,-1
2.2402115,163.12334,894.0,0.77977717,81.50749,-1
2.3819385,184.2702,894.0,0.7680004,81.50749,-1
6.9122467,329.27106,1999.0,0.735847,77.0626,-1
8.298184,115.033035,2054.0,0.65047127,77.0626,-1
9.353071,157.13057,1924.0,0.5506471,74.0585,-1
15.905951,83.06686,1630.0,0.48441324,74.0585,-1
1.4761971,105.95125,895.0,0.77828926,81.50749,-1
2.6067681,-0.0,887.0,0.7866092,81.50749,-1
1.001208,169.79173,912.0,0.73520994,81.50749,-1
4.0224457,233.851,839.0,0.788672,79.578995,-1
2.7808595,249.26208,868.0,0.7646447,79.578995,-1
23.035788,327.38336,1470.0,0.8351224,79.578995,-1
7.939507,315.31104,1884.0,0.70532036,77.0626,-1
0.83615834,82.030624,1895.0,0.5959728,77.0626,-1
19.464039,45.462437,1775.0,0.64135176,74.0585,-1
10.704369,306.06796,1760.0,0.6665107,74.0585,-1
6.503927,14.688526,1842.0,0.6913481,74.0585,-1
5.673343,3.5749557,1816.0,0.70582235,71.99435,-1
1.7180649,155.6047,814.0,0.7816361,79.578995,-1
17.6078,275.48798,1229.0,0.7912437,79.578995,-1
19.190464,318.58792,1372.0,0.81624615,79.578995,-1
1.2178452,76.23389,2034.0,0.80220324,77.0626,-1
1.8214425,134.42087,2077.0,0.6798427,77.0626,-1
9.615919,48.023575,1981.0,0.5330879,77.0626,-1
11.21897,319.0179,1481.0,0.66718054,74.0585,-1
11.382817,326.0162,1764.0,0.6359156,74.0585,-1
12.402393,132.91454,1806.0,0.5487449,74.0585,-1
13.218221,322.02258,1805.0,0.63773155,74.0585,-1
18.377342,312.3018,1932.0,0.76801616,71.99435,-1
12.316738,308.72287,2096.0,0.76663035,71.99435,-1
2.8211384,74.51979,2097.0,0.7314133,71.99435,-1
