slope,aspect,elevation,ndvi,humidity,label
13.248516,237.8017,444.0,0.67570204,71.5569,1
2.062221,169.5491,380.0,0.6830179,71.23447,1
0.63170516,117.30999,344.0,0.60543305,71.23447,1
2.1579823,280.83298,350.0,0.65268934,71.23447,1
3.42016,324.34915,378.0,0.73640627,71.23447,1
3.8233013,282.23666,355.0,0.6867491,71.05111,1
6.908526,284.01367,403.0,0.75353116,71.05111,1
7.818694,5.914903,463.0,0.68555355,71.05111,1
9.493484,264.79315,407.0,0.73913366,71.05111,1
2.9030664,234.6497,517.0,0.64505494,71.05111,1
13.213197,218.7444,562.0,0.73080194,71.17931,1
4.8271,244.45009,388.0,0.7054715,71.05111,1
9.377054,210.9376,434.0,0.6313512,71.05111,1
1.2143359,292.4474,358.0,0.5989442,71.05111,1
1.5407357,230.24927,371.0,0.69398093,71.05111,1
11.823855,235.23048,422.0,0.75701445,71.17931,1
2.5859258,189.71156,364.0,0.6938493,71.17931,1
9.670985,249.85812,377.0,0.72950774,71.17931,1
1.1886137,317.00714,380.0,0.69054794,71.05111,1
0.512137,256.91644,393.0,0.65071446,71.05111,1
0.19584568,287.2168,388.0,0.73837703,71.05111,1
5.5993004,248.82657,396.0,0.6817614,71.05111,1
0.46373534,180.0,382.0,0.73383415,71.05111,1
1.73823,158.98471,370.0,0.71764785,71.05111,1
1.6274552,175.60637,372.0,0.6899854,71.05111,1
2.8165045,216.67503,368.0,0.689994,71.05111,1
10.055419,176.83359,414.0,0.75951517,71.17931,1
11.961045,240.84773,459.0,0.7698395,71.17931,1
18.444391,238.75253,575.0,0.76884544,71.17931,1
22.162489,123.80567,368.0,0.57484114,72.52778,1
0.8250676,65.069214,365.0,0.5908888,71.05111,1
0.49881244,90.0,360.0,0.52481496,71.05111,1
0.99321884,172.78777,357.0,0.55694515,71.05111,1
9.441614,241.2732,406.0,0.73801976,71.17931,1
14.240178,239.05138,507.0,0.7535763,71.17931,1
14.853539,191.35942,606.0,0.7667582,71.17931,1
8.915103,215.64333,446.0,0.7340656,71.17931,1
17.8071,215.64333,511.0,0.64863914,72.52778,1
2.2527127,239.0435,371.0,0.6267927,71.05111,1
11.297302,245.46257,463.0,0.6831609,72.52778,1
2.1447265,178.33495,361.0,0.7562161,71.05111,1
1.0838921,148.82631,355.0,0.731557,71.05111,1
0.45155886,75.12319,352.0,0.60008234,71.05111,1
1.3726041,92.41999,818.0,0.7394996,72.52778,1
20.621687,116.67918,627.0,0.58468986,72.52778,1
13.000516,111.05933,439.0,0.66444784,72.52778,1
6.816599,211.25735,429.0,0.693697,72.52778,1
1.1741893,189.16438,346.0,0.7038738,71.05111,1
9.817113,181.08096,604.0,0.77510387,71.17931,1
7.708116,121.55043,533.0,0.7557021,71.95203,1
8.028563,238.90553,498.0,0.7271422,71.95203,1
5.178834,47.08363,375.0,0.7374019,72.52778,1
13.679634,217.44524,468.0,0.64173937,72.52778,1
22.806232,185.04767,511.0,0.6068079,72.52778,1
16.313234,148.63344,502.0,0.6403386,72.52778,1
16.358158,224.47935,485.0,0.6777119,72.52778,1
5.9592743,146.46378,530.0,0.74969584,71.95203,1
4.455402,231.4456,462.0,0.73748595,71.95203,1
17.32388,258.58838,586.0,0.7125161,71.95203,1
8.812317,98.25477,394.0,0.68092895,72.52778,1
6.8333054,197.43636,605.0,0.72730047,72.52778,1
5.260545,263.05753,445.0,0.7231431,71.17931,1
6.133787,135.68437,473.0,0.7383221,71.17931,1
6.8427644,167.96281,447.0,0.707754,71.95203,1
15.948737,261.8589,583.0,0.71630955,71.95203,1
13.260336,75.835106,586.0,0.70481855,72.52778,1
8.692981,94.934845,563.0,0.686649,72.52778,1
10.216552,261.93234,362.0,0.73796153,72.52778,1
10.5223465,249.59789,467.0,0.75140464,72.52778,1
15.575605,157.75096,522.0,0.7407073,72.52778,1
5.2136307,237.84454,427.0,0.6273845,71.17931,1
15.686297,268.34842,546.0,0.70278394,71.95203,1
17.721289,126.52914,738.0,0.7157169,72.52778,1
12.907196,239.78136,744.0,0.6060891,72.52778,1
10.25435,113.04652,770.0,0.67079383,72.52778,1
18.706861,81.75435,591.0,0.70062953,72.52778,1
11.050723,113.18575,462.0,0.74757737,72.52778,1
6.5752363,233.35443,261.0,0.73645866,72.52778,1
10.169339,236.83104,332.0,0.7282941,72.52778,1
10.4351425,186.10442,399.0,0.7152878,72.52778,1
6.439248,156.11607,701.0,0.6233909,71.95203,1
5.071538,130.52753,232.0,0.73813576,72.52778,1
4.69467,205.9258,235.0,0.73360145,72.52778,1
7.088722,206.50017,265.0,0.70787853,72.52778,1
8.591922,161.96303,418.0,0.73790896,71.17931,1
11.235892,125.85123,767.0,0.71993524,72.52778,1
21.589952,130.88217,622.0,0.67170113,72.52778,1
12.3050165,148.0821,492.0,0.7109235,72.52778,1
8.516269,224.81075,516.0,0.6566092,72.52778,1
10.739467,217.86316,630.0,0.7175308,72.52778,1
9.930916,102.6847,316.0,0.7744207,72.52778,1
9.19224,122.10151,257.0,0.76477396,72.52778,1
4.9588327,120.093285,190.0,0.7498209,72.52778,1
0.89780164,229.78818,348.0,0.6315084,71.17931,1
9.598539,211.83846,405.0,0.7458147,72.52778,1
14.028213,220.77945,516.0,0.72634226,72.52778,1
16.752888,172.5241,582.0,0.6393966,72.52778,1
12.858846,135.52592,519.0,0.74667794,72.52778,1
7.9378433,119.08789,212.0,0.73918265,72.52778,1
10.473328,185.06444,402.0,0.7301147,72.52778,1
13.209629,179.73445,389.0,0.7577372,72.52778,1
14.796372,181.41602,401.0,0.76350266,72.52778,1
12.97747,171.03783,395.0,0.75987756,72.52778,1
9.450401,151.07607,368.0,0.754957,72.52778,1
11.017677,95.96537,321.0,0.7545074,72.52778,1
0.94202834,262.93127,326.0,0.5740082,71.05111,1
0.52650267,331.73645,336.0,0.6017063,71.05111,1
5.8329415,172.04263,323.0,0.75770843,72.52778,1
7.4815216,166.09985,321.0,0.7538522,72.52778,1
9.836334,131.69917,281.0,0.7577856,72.52778,1
1.1454668,281.6773,316.0,0.5899486,71.05111,1
1.0736309,279.32062,338.0,0.55728865,71.05111,1
11.499042,90.5699,344.0,0.7731622,72.52778,1
5.172076,123.977875,289.0,0.7411991,72.52778,1
4.0031567,160.0026,275.0,0.740251,72.52778,1
4.579908,105.38074,150.0,0.63259214,72.52778,1
0.7072661,255.76672,312.0,0.5053646,71.05111,1
0.5727738,258.32236,339.0,0.6581157,71.05111,1
0.58725554,252.77525,345.0,0.674432,71.05111,1
0.8893278,347.86414,348.0,0.6782051,71.05111,1
0.25595433,283.08975,359.0,0.59185475,71.17931,1
5.162111,113.77646,273.0,0.77049494,72.52778,1
2.466864,132.92514,256.0,0.76269406,72.52778,1
0.9999362,158.04166,285.0,0.43242416,71.141106,1
0.9783464,161.42847,290.0,0.52395904,71.141106,1
0.57275695,281.678,299.0,0.5679663,71.141106,1
0.762184,204.13136,305.0,0.5600334,71.45114,1
0.66495025,110.40729,301.0,0.5563048,71.45114,1
0.48019412,164.95522,295.0,0.42619866,71.45114,1
0.34780484,180.0,358.0,0.6088654,71.26377,1
0.9621906,114.940865,351.0,0.55583036,71.26377,1
0.66446745,163.65768,344.0,0.47797668,71.26377,1
0.47311062,232.22122,348.0,0.554125,71.26377,1
0.70968616,206.04495,350.0,0.61330616,71.26377,1
1.9124917,102.24505,319.0,0.40730622,71.141106,1
1.8833206,97.06959,300.0,0.4246912,71.141106,1
0.6428085,129.14096,289.0,0.41105327,71.141106,1
0.93933284,143.33928,292.0,0.48275074,71.141106,1
1.2363765,121.04164,280.0,0.6343858,71.141106,1
1.9618397,142.8902,275.0,0.60883623,71.141106,1
1.2385342,159.37915,261.0,0.5161525,71.141106,1
1.455258,309.5834,268.0,0.51899797,71.141106,1
0.7763862,193.93394,294.0,0.6172322,71.141106,1
0.41238868,294.94153,292.0,0.5923479,71.45114,1
0.6897917,212.82483,297.0,0.6138206,71.45114,1
0.4057705,180.0,298.0,0.63868296,71.45114,1
0.8412005,153.60905,353.0,0.5156534,71.26377,1
1.1172881,146.10097,345.0,0.45713004,71.26377,1
0.39148945,252.77426,343.0,0.55706716,71.26377,1
0.29646295,192.13515,351.0,0.63877094,71.26377,1
1.4687694,233.70961,788.0,0.7454313,71.8478,1
1.1927341,109.886536,283.0,0.56488526,71.141106,1
1.3105723,108.03298,274.0,0.6177824,71.141106,1
1.6910851,148.9501,263.0,0.5695437,71.141106,1
1.1314297,304.29858,260.0,0.5015764,71.141106,1
1.6255099,293.0897,278.0,0.5167008,71.141106,1
0.7066608,349.84152,284.0,0.5042065,71.141106,1
0.31550148,336.73068,280.0,0.55593354,71.141106,1
0.8210369,212.09314,286.0,0.6018008,71.141106,1
0.5766735,239.8284,287.0,0.5070692,71.141106,1
0.5106626,227.07224,333.0,0.6256278,71.45114,1
0.86925334,158.9953,326.0,0.5236506,71.45114,1
0.77638483,166.06647,335.0,0.4605145,71.26377,1
0.5019108,263.36798,342.0,0.5581472,71.26377,1
0.7637793,170.60844,343.0,0.5752684,71.26377,1
2.1870139,94.55858,273.0,0.6327142,71.141106,1
0.9873299,176.38153,250.0,0.5648415,71.141106,1
2.315271,308.72568,272.0,0.57739365,71.141106,1
1.1337404,29.64612,292.0,0.49213222,71.141106,1
1.299211,168.9402,325.0,0.6457606,71.45114,1
1.0473665,236.39911,342.0,0.63730663,71.45114,1
0.6644626,196.3409,347.0,0.642767,71.45114,1
0.91174906,124.90124,345.0,0.61680377,71.45114,1
0.29646215,192.13443,332.0,0.5309083,71.26377,1
0.63665056,136.75113,342.0,0.59087336,71.26377,1
14.105441,270.9228,438.0,0.74235934,71.8478,1
14.695043,271.7686,614.0,0.70239764,71.8478,1
3.3429391,159.28046,765.0,0.72865164,71.8478,1
5.8386183,165.83939,735.0,0.6759162,71.8478,1
7.26525,116.38605,707.0,0.6592281,71.8478,1
8.565382,107.59434,630.0,0.62277037,71.8478,1
7.3522615,110.661644,575.0,0.69784963,71.8478,1
1.9123241,102.24614,271.0,0.49977612,71.141106,1
1.2731256,223.248,246.0,0.48528978,71.141106,1
3.0643234,275.42227,285.0,0.6085335,71.141106,1
0.94605875,348.60382,294.0,0.43778366,71.141106,1
1.2179815,342.1252,295.0,0.5324717,71.141106,1
0.6580863,331.74158,300.0,0.5186014,71.141106,1
0.49999762,201.95592,300.0,0.47100675,71.45114,1
0.6406612,185.58173,303.0,0.6165613,71.45114,1
0.8692465,201.00352,340.0,0.5300299,71.45114,1
0.5956812,141.12206,338.0,0.552236,71.45114,1
0.82101285,171.26907,332.0,0.46496633,71.26377,1
0.49852186,270.0,330.0,0.59084356,71.26377,1
0.6078487,235.09795,340.0,0.6830091,71.26377,1
1.8048482,255.11621,336.0,0.6323752,71.26377,1
0.4105275,171.26907,355.0,0.72318405,71.26377,1
5.3706,130.2196,721.0,0.72985065,71.8478,1
6.4951024,152.70589,711.0,0.73228437,71.8478,1
2.8713355,171.26907,685.0,0.70444405,71.8478,1
7.9790387,158.61107,653.0,0.65976024,71.8478,1
13.440128,154.95894,638.0,0.7136154,71.8478,1
0.5586759,146.10422,263.0,0.5600427,71.141106,1
2.0046232,115.695076,266.0,0.61032283,71.141106,1
1.4988128,207.20874,234.0,0.49160868,71.141106,1
3.4861777,254.59027,277.0,0.5592738,71.141106,1
0.8182921,98.14457,300.0,0.5099873,71.141106,1
1.0837408,148.83954,293.0,0.49756175,71.45114,1
1.2187419,177.0696,291.0,0.54319847,71.45114,1
1.0248363,154.81213,292.0,0.65278786,71.45114,1
0.51063746,132.93039,284.0,0.537061,71.45114,1
0.52796626,70.76907,339.0,0.65344584,71.45114,1
2.280923,172.15302,333.0,0.70108104,71.26377,1
1.6910439,148.95242,318.0,0.67825884,71.26377,1
6.9541945,214.79697,681.0,0.74234134,71.8478,1
3.0850873,185.79077,728.0,0.66252387,71.8478,1
4.579438,121.190636,686.0,0.69880825,71.8478,1
7.222738,152.39198,665.0,0.69523287,71.8478,1
3.5185876,170.84004,635.0,0.7452334,71.8478,1
11.807407,102.01165,606.0,0.68421465,71.8478,1
12.139941,134.11432,493.0,0.7260042,71.8478,1
1.822924,55.096294,268.0,0.64428973,71.141106,1
0.9333367,299.79013,223.0,0.5000697,71.141106,1
3.7386625,246.26173,269.0,0.5551982,71.141106,1
0.4679028,187.65294,282.0,0.5748408,71.45114,1
0.46694136,221.85376,285.0,0.586309,71.45114,1
0.63662314,43.246246,291.0,0.5592005,71.45114,1
0.4123368,294.9449,326.0,0.6311701,71.45114,1
1.0696237,144.37332,316.0,0.65250015,71.26377,1
7.6066823,282.24686,661.0,0.72466415,71.8478,1
1.9617305,217.10559,724.0,0.6997416,71.8478,1
6.842629,167.96819,664.0,0.75339425,71.8478,1
2.4968383,167.02837,600.0,0.72901756,71.8478,1
0.98636955,34.645218,281.0,0.59208643,71.141106,1
2.7159486,63.39223,273.0,0.6599324,71.141106,1
1.3728828,239.56322,271.0,0.58878636,71.141106,1
3.3428879,200.71722,269.0,0.58985007,71.141106,1
3.0543082,232.64458,285.0,0.64487284,71.141106,1
1.4888676,218.87538,307.0,0.6577978,71.45114,1
1.0614797,224.77661,313.0,0.5821138,71.45114,1
0.9764749,224.577,319.0,0.6778119,71.45114,1
0.6406606,174.41878,324.0,0.4641817,71.45114,1
9.78237,274.71234,682.0,0.7249387,71.8478,1
2.6533465,206.47942,709.0,0.7367376,71.8478,1
6.696601,141.64107,701.0,0.69533956,71.8478,1
12.027461,187.03674,574.0,0.71043676,71.8478,1
6.8996305,226.71713,593.0,0.7100335,71.8478,1
8.214494,174.37973,655.0,0.66362303,71.8478,1
10.873818,117.27193,580.0,0.7050336,71.8478,1
0.8602487,250.31178,263.0,0.5466037,71.141106,1
0.60905254,197.87273,273.0,0.5778984,71.141106,1
0.34041324,227.067,282.0,0.57766294,71.141106,1
1.6828622,88.02656,277.0,0.57638484,71.141106,1
2.236394,208.2555,238.0,0.7162381,71.141106,1
3.0608401,227.067,268.0,0.6944031,71.141106,1
3.1587691,200.77531,274.0,0.7003362,71.141106,1
2.2732625,186.29115,286.0,0.6742171,71.141106,1
0.63762367,180.0,305.0,0.54647094,71.26377,1
0.19570875,252.7708,304.0,0.724153,71.26377,1
4.692211,237.99188,415.0,0.765782,71.26377,1
4.040621,205.53506,618.0,0.6901372,71.8478,1
9.353261,185.68373,620.0,0.69511616,71.8478,1
8.931826,170.03847,633.0,0.6211313,71.8478,1
4.3209047,137.43132,595.0,0.6840312,71.8478,1
2.8838246,114.946236,586.0,0.72846043,71.8478,1
8.80271,113.07914,553.0,0.68976724,71.8478,1
10.100301,167.66219,455.0,0.6437761,71.8478,1
11.067146,198.81265,518.0,0.6459742,71.8478,1
13.70623,181.27751,513.0,0.67469096,71.8478,1
10.949976,147.34314,523.0,0.7458331,71.8478,1
11.378628,122.542435,417.0,0.7105403,71.8478,1
1.6977038,262.1523,268.0,0.54013985,71.141106,1
1.3923568,182.56432,271.0,0.59712553,71.141106,1
0.9463963,203.26486,272.0,0.60530025,71.141106,1
1.1082845,186.45514,277.0,0.62370193,71.141106,1
1.2061542,101.08196,274.0,0.6476835,71.141106,1
0.8424689,105.97454,235.0,0.6999586,71.141106,1
3.098771,206.22675,249.0,0.7768104,71.141106,1
1.3672625,207.10495,257.0,0.75878835,71.141106,1
3.5643795,220.23659,341.0,0.7708871,71.26377,1
5.437001,227.95796,345.0,0.7693107,71.26377,1
6.4905715,257.1545,406.0,0.76150477,71.26377,1
2.0232754,156.41107,619.0,0.6641632,71.8478,1
10.11713,154.36058,547.0,0.65710443,71.8478,1
12.399001,191.41183,548.0,0.662017,71.8478,1
4.903766,206.33533,587.0,0.71513534,71.8478,1
4.848362,90.0,583.0,0.7319411,71.8478,1
6.1900854,96.965225,402.0,0.7141471,71.8478,1
8.43485,185.04863,410.0,0.7346667,71.8478,1
7.910761,184.039,414.0,0.71702695,71.8478,1
9.190759,171.10727,419.0,0.7350774,71.8478,1
4.6065083,115.27307,391.0,0.68619955,71.8478,1
2.9344027,116.998055,352.0,0.6075261,71.8478,1
1.5844548,189.0474,255.0,0.6153136,71.141106,1
1.423101,200.49828,258.0,0.6350793,71.141106,1
1.2003797,231.1195,263.0,0.606258,71.141106,1
0.41052577,171.27066,273.0,0.61974424,71.141106,1
4.540242,91.46016,262.0,0.66729903,71.141106,1
5.240985,210.64798,267.0,0.6855064,71.141106,1
1.5035254,231.92184,220.0,0.7495509,71.141106,1
2.6054537,281.54288,253.0,0.73784345,71.141106,1
1.7476192,311.54364,261.0,0.6629875,71.141106,1
5.3504877,273.09625,352.0,0.7463952,71.26377,1
5.90258,267.75662,403.0,0.73767596,71.26377,1
4.5738153,222.81723,447.0,0.7283093,71.26377,1
12.056262,230.24619,538.0,0.7027274,71.8478,1
10.129942,152.05315,586.0,0.65796524,71.8478,1
13.4839735,131.16452,461.0,0.6448129,71.8478,1
11.225674,198.52904,420.0,0.63847965,71.8478,1
14.381817,224.74745,519.0,0.7007856,71.8478,1
4.6423125,175.39127,586.0,0.65944326,71.8478,1
4.7101984,119.41742,372.0,0.71329147,71.8478,1
1.527276,170.611,235.0,0.6950588,71.141106,1
1.9447852,206.63686,244.0,0.66603315,71.141106,1
1.3740436,245.05176,249.0,0.65151817,71.141106,1
1.14503,258.31818,264.0,0.5422579,71.141106,1
1.1042001,153.17052,267.0,0.42933673,71.141106,1
0.91159904,124.907814,256.0,0.42690352,71.141106,1
1.7109991,144.37746,197.0,0.6059917,71.141106,1
3.4853182,195.53392,209.0,0.7178227,71.141106,1
4.644145,277.87436,233.0,0.74128675,71.141106,1
3.2384012,272.04947,292.0,0.47433847,71.45114,1
3.1043763,259.24863,348.0,0.66380054,71.45114,1
1.0653625,83.75323,341.0,0.5933058,71.45114,1
5.935967,254.18945,350.0,0.7144099,71.26377,1
5.42564,206.51958,402.0,0.7387913,71.26377,1
7.427542,223.15485,359.0,0.6892944,71.8478,1
11.400028,214.11536,425.0,0.6750616,71.8478,1
9.293485,94.61014,471.0,0.7402559,71.8478,1
1.1227816,92.95907,228.0,0.67937326,71.141106,1
1.6247826,230.05717,225.0,0.67937326,71.141106,1
2.1456141,260.67545,248.0,0.66234046,71.141106,1
0.98632085,145.35887,253.0,0.43847418,71.141106,1
2.2902343,170.61127,247.0,0.6605698,71.141106,1
1.9048557,193.23012,327.0,0.64469844,71.45114,1
4.8801894,198.56519,373.0,0.69015205,71.8478,1
8.05173,168.47163,366.0,0.7065727,71.8478,1
9.089568,177.66286,490.0,0.693758,71.8478,1
3.7224882,191.56946,292.0,0.77794635,72.90971,1
1.7903814,76.90483,242.0,0.6838522,71.141106,1
2.0036476,150.17932,234.0,0.6828472,71.141106,1
2.4968114,192.96895,226.0,0.69029206,71.141106,1
2.8991425,143.04567,242.0,0.588398,71.141106,1
3.4105837,161.93083,216.0,0.72118735,71.141106,1
4.073187,208.25185,225.0,0.75769085,71.141106,1
3.8957999,185.49742,247.0,0.76872313,71.141106,1
0.4999784,338.04956,325.0,0.61835444,71.45114,1
0.74345,56.922535,321.0,0.6281352,71.45114,1
5.8554907,175.13434,353.0,0.73176396,71.8478,1
3.686165,163.32639,354.0,0.7190162,71.8478,1
2.1090217,8.489681,184.0,0.78378934,72.90971,1
2.5034633,354.29086,179.0,0.80421513,72.90971,1
2.8986387,200.09512,242.0,0.45467693,71.141106,1
2.004176,115.70124,237.0,0.55177325,71.141106,1
5.002382,145.15138,213.0,0.68717474,71.141106,1
4.6206985,157.87143,191.0,0.7677315,71.141106,1
4.5507255,168.17563,185.0,0.7667167,71.141106,1
6.1365104,175.94052,176.0,0.75909084,71.141106,1
4.9576125,202.86517,166.0,0.69529504,71.141106,1
7.985372,209.2284,209.0,0.66631883,71.141106,1
6.502728,158.74779,229.0,0.67484146,71.141106,1
5.9440494,114.69852,171.0,0.68627256,71.141106,1
1.8066092,127.549446,142.0,0.6908849,71.141106,1
1.1608772,176.9243,148.0,0.6795503,71.141106,1
1.0379065,106.21394,141.0,0.62013423,71.141106,1
2.6906848,310.2291,132.0,0.45057666,71.141106,1
6.104278,58.646282,206.0,0.7100798,71.141106,1
4.5418286,219.02032,224.0,0.63454175,71.141106,1
4.6377473,183.84244,254.0,0.64710695,71.141106,1
7.010972,81.96041,229.0,0.6785685,71.141106,1
2.2323241,163.80466,121.0,0.52911747,71.141106,1
4.446955,223.2375,132.0,0.4763562,71.141106,1
3.1737576,308.3431,170.0,0.48886934,71.141106,1
5.670824,3.1382544,172.0,0.49492282,71.141106,1
4.7429357,0.75082743,165.0,0.50486845,71.141106,1
1.3151591,22.263224,312.0,0.49814415,71.45114,1
6.650792,342.63983,327.0,0.68799603,71.8478,1
0.60768634,55.087257,218.0,0.6987588,71.141106,1
3.3574855,56.505367,214.0,0.69930637,71.141106,1
6.8828893,175.86806,172.0,0.6969097,71.141106,1
6.931427,156.26945,195.0,0.570047,71.141106,1
1.4614239,78.563324,127.0,0.49954212,71.141106,1
6.2346153,332.7557,172.0,0.59280753,71.141106,1
6.127045,340.47473,173.0,0.614953,71.141106,1
5.307949,308.36844,205.0,0.6909782,71.141106,1
3.9108298,336.57278,240.0,0.69264185,71.141106,1
4.465341,3.991549,230.0,0.6894985,71.141106,1
5.3629193,345.92398,235.0,0.75727236,71.141106,1
0.9211999,28.248924,327.0,0.65292835,71.45114,1
0.72533405,36.95097,322.0,0.6854503,71.45114,1
0.5606106,90.0,320.0,0.6566814,71.45114,1
2.7709222,63.961105,212.0,0.71984136,71.141106,1
1.6183486,62.255627,135.0,0.6887118,71.141106,1
2.6559691,196.33382,119.0,0.56465036,71.141106,1
6.098885,265.65567,147.0,0.5875454,71.141106,1
5.429772,283.5426,217.0,0.7266628,71.141106,1
3.3585362,349.32397,232.0,0.75367,71.141106,1
9.9234705,131.24358,430.0,0.7881164,71.8478,1
10.700995,123.46701,355.0,0.8143348,71.8478,1
1.9702504,24.25667,239.0,0.68657017,71.141106,1
4.1621246,80.396065,151.0,0.51367253,71.141106,1
8.235875,236.48149,194.0,0.73063856,71.141106,1
5.59397,248.80528,230.0,0.7411902,71.141106,1
3.329936,277.99628,278.0,0.73510563,71.141106,1
3.5529397,12.128675,283.0,0.66903067,71.141106,1
3.9982605,17.188559,266.0,0.62833816,71.141106,1
9.471644,174.01544,390.0,0.8064305,71.8478,1
9.211638,176.54114,403.0,0.8104932,71.8478,1
8.928927,142.98734,381.0,0.8089083,71.8478,1
8.363221,126.288704,316.0,0.81244004,71.8478,1
3.3838575,113.17558,272.0,0.7638033,71.8478,1
1.5739319,81.53046,243.0,0.67901236,71.141106,1
5.05891,84.09614,188.0,0.6303832,71.141106,1
5.4721575,93.02693,131.0,0.55991006,71.141106,1
8.274897,226.47298,138.0,0.66388583,71.141106,1
9.790186,217.66966,197.0,0.75554365,71.141106,1
11.644301,210.777,235.0,0.7195715,71.141106,1
2.5817642,127.28779,308.0,0.6347698,71.141106,1
8.812953,176.78436,316.0,0.7736757,71.8478,1
7.8727317,158.31493,306.0,0.7472742,71.8478,1
0.87168336,4.097134,243.0,0.63062227,71.141106,1
1.6805952,-0.0,247.0,0.72117656,71.141106,1
1.7339137,25.526222,243.0,0.7145128,71.141106,1
5.475611,70.26078,194.0,0.626336,71.141106,1
14.750704,217.66605,239.0,0.69763976,71.141106,1
1.6852,355.7622,258.0,0.59943485,71.141106,1
1.1801931,63.768738,257.0,0.64286494,71.141106,1
1.6558161,77.87797,241.0,0.6573098,71.141106,1
1.4922988,48.683823,231.0,0.66519344,71.141106,1
3.8267562,38.13751,217.0,0.74438274,71.141106,1
6.777976,59.286198,182.0,0.6583886,71.141106,1
3.952186,30.231058,123.0,0.60932946,71.141106,1
5.850883,331.487,150.0,0.5963666,71.141106,1
6.145642,38.749958,168.0,0.66432154,71.141106,1
12.196288,218.58209,186.0,0.71515936,71.141106,1
1.2000221,34.80687,272.0,0.5796289,71.34293,1
1.5241445,69.9879,256.0,0.5858429,71.34293,1
1.2991819,11.053213,249.0,0.6336198,71.34293,1
1.4701384,9.7539835,252.0,0.6377083,71.34293,1
3.0198383,75.56307,228.0,0.7224432,71.34293,1
3.367257,86.055984,198.0,0.7731358,71.34293,1
2.9297216,69.154945,174.0,0.77000207,71.34293,1
3.8703635,350.7541,154.0,0.7817064,71.34293,1
2.3647425,302.615,184.0,0.75889707,71.34293,1
0.6896494,147.1935,275.0,0.5578599,71.34293,1
0.80152893,68.802345,266.0,0.56727064,71.34293,1
0.7764344,53.327576,263.0,0.567979,71.34293,1
1.0992858,58.179413,256.0,0.5671153,71.34293,1
1.5052639,72.060555,248.0,0.68594456,71.34293,1
5.767481,145.22372,155.0,0.71545655,71.34293,1
10.118716,288.16785,177.0,0.7487726,71.34293,1
3.6189575,274.5876,239.0,0.7520337,71.34293,1
2.8141525,171.09543,235.0,0.74361974,71.34293,1
6.121544,179.4193,232.0,0.6683509,71.34293,1
1.235617,153.02881,262.0,0.66250074,71.34293,1
0.8153299,157.54942,261.0,0.57934076,71.34293,1
1.1030185,183.23627,257.0,0.576727,71.34293,1
0.578115,154.47649,262.0,0.62551,71.34293,1
1.7470603,93.80381,253.0,0.645719,71.34293,1
1.7827009,60.817142,234.0,0.65434045,71.34293,1
8.809414,252.52422,173.0,0.7376093,71.34293,1
7.220188,199.54866,217.0,0.76153773,71.34293,1
6.720266,146.39465,212.0,0.7643139,71.34293,1
1.0030192,96.636826,256.0,0.5953257,71.34293,1
1.1909188,141.14085,253.0,0.58252734,71.34293,1
1.3286728,163.66995,244.0,0.58485687,71.34293,1
1.8585064,183.84128,247.0,0.6293887,71.34293,1
1.2766083,182.79562,246.0,0.6318922,71.34293,1
0.18682423,90.0,248.0,0.628734,71.34293,1
0.39480346,28.24237,243.0,0.68581337,71.34293,1
1.7361467,14.537326,245.0,0.7376949,71.34293,1
5.0549364,283.89807,209.0,0.77425796,71.34293,1
1.3807335,97.23426,260.0,0.60023576,71.34293,1
1.5831743,100.54625,245.0,0.5939754,71.34293,1
0.9358098,93.55111,235.0,0.59910107,71.34293,1
1.0726223,166.57335,230.0,0.6947337,71.34293,1
2.1007264,186.80676,231.0,0.68546396,71.34293,1
3.1904173,183.35349,234.0,0.69518626,71.34293,1
1.8465401,199.70181,234.0,0.67751455,71.34293,1
1.7826182,119.18434,244.0,0.74257624,71.34293,1
1.0774336,156.13875,253.0,0.60596216,71.34293,1
0.8123217,129.95659,248.0,0.5909001,71.34293,1
1.402482,122.49432,243.0,0.6548337,71.34293,1
2.067092,83.56219,229.0,0.6263302,71.34293,1
2.363693,108.58048,210.0,0.64937663,71.34293,1
2.844239,183.76288,193.0,0.67346174,71.34293,1
5.4752145,204.8049,213.0,0.7341076,71.34293,1
3.418328,182.08548,230.0,0.7660843,71.34293,1
1.7379229,159.0111,243.0,0.68704873,71.34293,1
1.9945713,139.0544,236.0,0.6529022,71.34293,1
1.8007308,176.03557,222.0,0.66287917,71.34293,1
1.928369,172.5815,234.0,0.5738941,71.34293,1
3.0832558,98.64214,218.0,0.5762462,71.34293,1
4.353917,87.71529,185.0,0.64802194,71.34293,1
2.028039,180.0,148.0,0.74082744,71.34293,1
4.4024467,196.39919,185.0,0.7440723,71.34293,1
6.9598155,147.71199,168.0,0.7619566,71.34293,1
6.9129267,142.44334,125.0,0.7457807,71.34293,1
1.4544936,129.6083,225.0,0.63290864,71.34293,1
1.5101606,147.59532,222.0,0.69456285,71.34293,1
2.504473,139.75838,212.0,0.68015254,71.34293,1
3.699549,170.32399,196.0,0.63230395,71.34293,1
4.051009,180.0,202.0,0.6032235,71.34293,1
2.7080214,146.53432,196.0,0.69632244,71.34293,1
2.5587435,71.52093,178.0,0.76551956,71.34293,1
4.3965254,113.25184,157.0,0.75963235,71.34293,1
4.536398,128.67012,113.0,0.72092587,71.34293,1
1.1999364,128.89757,100.0,0.72642916,71.34293,1
2.5555484,142.50323,227.0,0.6004748,71.34293,1
2.866901,124.44967,214.0,0.6837618,71.34293,1
3.4998648,130.17711,189.0,0.6792842,71.34293,1
3.5232725,133.64215,171.0,0.68057746,71.34293,1
3.6475658,154.77438,148.0,0.68676883,71.34293,1
3.3573756,195.0312,146.0,0.6772072,71.34293,1
1.9925388,196.32768,162.0,0.73629814,71.34293,1
2.9151318,113.413376,155.0,0.75789547,71.34293,1
1.2766078,177.20488,190.0,0.6547988,71.34293,1
1.7018467,141.55396,194.0,0.6558876,71.34293,1
2.6934557,18.86832,145.0,0.6325906,71.34293,1
2.8381174,-0.0,140.0,0.6788819,71.34293,1
2.0942645,5.1148167,145.0,0.74791336,71.34293,1
1.23649,37.168964,137.0,0.7409626,71.34293,1
2.3994653,15.03077,133.0,0.68179554,71.34293,1
3.4460824,37.846653,205.0,0.6888337,71.34293,1
2.478548,30.13845,191.0,0.67564994,71.34293,1
2.6798868,13.424283,185.0,0.67821306,71.34293,1
3.0428262,351.77286,181.0,0.61282283,71.34293,1
4.368825,348.5138,192.0,0.6604587,71.34293,1
4.0106487,354.6642,195.0,0.7075093,71.34293,1
3.9703786,21.106228,198.0,0.7516817,71.34293,1
4.5707397,32.01375,172.0,0.76143503,71.34293,1
2.6661458,12.1233015,237.0,0.6395185,71.34293,1
3.7234294,18.496904,231.0,0.6452223,71.34293,1
3.4399557,26.86768,218.0,0.5867149,71.34293,1
2.838798,358.74432,206.0,0.59203935,71.34293,1
2.671133,355.99323,219.0,0.6133871,71.34293,1
2.7361739,13.142301,209.0,0.69599885,71.34293,1
1.5953861,11.249055,209.0,0.72799236,71.34293,1
4.420265,342.83047,204.0,0.6704799,71.34293,1
2.0309904,19.697393,250.0,0.5967528,71.34293,1
2.0527835,21.332932,252.0,0.6216583,71.34293,1
2.8418229,28.788317,238.0,0.66696686,71.34293,1
2.6067681,-0.0,230.0,0.5906097,71.34293,1
2.305547,342.7298,238.0,0.613984,71.34293,1
1.1081237,160.30481,244.0,0.61211234,71.34293,1
1.3995641,101.94968,246.0,0.6819599,71.34293,1
3.643472,128.29126,222.0,0.6351273,71.34293,1
2.209384,73.23381,200.0,0.67070824,71.34293,1
2.144479,122.70915,188.0,0.6927907,71.34293,1
3.6730723,125.67109,171.0,0.71570337,71.34293,1
1.7485005,173.87085,240.0,0.575574,71.34293,1
1.9924958,163.67654,236.0,0.620214,71.34293,1
3.9177837,147.35901,231.0,0.689063,71.34293,1
3.468296,152.22025,202.0,0.7205886,71.34293,1
2.642392,131.12215,205.0,0.6799373,71.34293,1
5.7717137,120.69611,170.0,0.6742162,71.34293,1
5.5334406,111.43949,125.0,0.71781415,71.34293,1
0.29771647,141.15361,258.0,0.4609244,71.34293,1
1.9241265,144.40224,222.0,0.64848787,71.34293,1
2.2294679,112.9431,211.0,0.7303966,71.34293,1
3.3413258,128.59789,189.0,0.7248583,71.34293,1
1.5767778,131.42044,169.0,0.7586625,71.34293,1
3.1425111,140.7121,170.0,0.75213844,71.34293,1
2.1655643,102.359406,137.0,0.70255166,71.34293,1
2.8489826,354.9904,136.0,0.7640665,71.34293,1
4.0812974,6.9963937,141.0,0.7523646,71.34293,1
0.97248846,206.61519,252.0,0.5435908,71.34293,1
0.65791565,208.23076,255.0,0.56062955,71.34293,1
0.34780484,-0.0,257.0,0.57447445,71.34293,1
1.9599164,100.21789,224.0,0.64382845,71.34293,1
0.21979621,58.165363,213.0,0.7093149,71.34293,1
2.2659361,29.616854,221.0,0.7631026,71.34293,1
2.8489785,53.873016,195.0,0.72275144,71.34293,1
2.882414,43.66537,184.0,0.73640484,71.34293,1
1.9930372,43.377834,163.0,0.77507806,71.34293,1
3.880739,349.85364,162.0,0.7622374,71.34293,1
2.4529753,7.2846212,174.0,0.7267578,71.34293,1
3.1228635,69.36959,157.0,0.7274982,71.34293,1
4.1084313,100.55096,127.0,0.7388508,71.34293,1
1.4614049,213.61185,243.0,0.56945205,71.34293,1
1.5786567,208.23003,246.0,0.5755392,71.34293,1
0.59287655,192.12009,255.0,0.6529304,71.34293,1
1.3461913,149.43571,248.0,0.67316103,71.34293,1
1.3788654,147.20857,244.0,0.63343865,71.34293,1
1.708756,130.11836,236.0,0.63344496,71.34293,1
0.76684576,103.10672,223.0,0.6274584,71.34293,1
1.9930087,316.62305,224.0,0.7077632,71.34293,1
1.4962105,14.450591,245.0,0.75351435,71.34293,1
3.0013633,55.9724,218.0,0.6244448,71.34293,1
2.3418534,37.659206,205.0,0.60703313,71.34293,1
2.72529,2.6160872,195.0,0.62085676,71.34293,1
2.2358608,28.230032,203.0,0.71007544,71.34293,1
2.6844995,94.95144,178.0,0.70860416,71.34293,1
3.9761229,100.05933,160.0,0.74827313,71.34293,1
1.6650475,192.95714,231.0,0.66073483,71.34293,1
1.5337559,142.51416,235.0,0.663447,71.34293,1
1.3669604,152.91982,232.0,0.6343219,71.34293,1
1.9765126,159.74155,225.0,0.7152137,71.34293,1
0.9952518,234.38126,221.0,0.6945197,71.34293,1
1.810873,300.7977,238.0,0.68953615,71.34293,1
1.1148369,128.60042,246.0,0.70746404,71.34293,1
1.8808932,82.921234,224.0,0.61460906,71.34293,1
1.6238534,50.0297,210.0,0.56264734,71.34293,1
2.5994036,106.84051,196.0,0.61395264,71.34293,1
3.1731546,92.09172,170.0,0.70928514,71.34293,1
3.9359143,95.90814,145.0,0.76471096,71.34293,1
3.8880644,82.300514,107.0,0.7026698,71.34293,1
2.035058,113.49189,227.0,0.6192488,71.79352,1
2.036145,135.35219,223.0,0.6684838,71.79352,1
2.2321713,163.81819,204.0,0.73645705,71.79352,1
2.2868779,258.3064,213.0,0.7433065,71.79352,1
1.5180478,304.93564,240.0,0.7410231,71.79352,1
1.2611878,117.35855,233.0,0.6960019,71.79352,1
1.5279669,139.33939,222.0,0.64193654,71.79352,1
0.93888444,143.37607,217.0,0.5117844,71.79352,1
1.6889386,84.09168,213.0,0.5013364,71.79352,1
2.4600232,69.31414,176.0,0.608751,71.79352,1
3.2459047,84.882484,153.0,0.71833724,71.79352,1
3.9311743,74.63262,124.0,0.69026345,71.79352,1
4.079826,278.1546,213.0,0.72529244,71.79352,1
1.4498029,260.79892,253.0,0.7299886,71.79352,1
3.301876,112.69387,236.0,0.71365285,71.79352,1
2.5458257,126.27259,204.0,0.69387937,71.79352,1
1.392615,203.71193,203.0,0.57113326,71.79352,1
0.511349,142.51584,213.0,0.54901046,71.79352,1
1.7430657,88.09478,198.0,0.5276873,71.79352,1
3.740138,94.43825,150.0,0.69263715,71.79352,1
3.7552173,77.53728,125.0,0.66012883,71.79352,1
3.0463738,165.82288,236.0,0.73493063,71.79352,1
3.1719217,128.3694,211.0,0.7090491,71.79352,1
1.8058114,146.54793,196.0,0.6299909,71.79352,1
1.4710457,205.02257,195.0,0.64763975,71.79352,1
2.9254076,135.45789,191.0,0.650324,71.79352,1
4.5647492,144.19588,173.0,0.70386475,71.79352,1
2.2259316,102.018814,148.0,0.7053612,71.79352,1
2.3801842,141.15956,202.0,0.6939595,71.79352,1
2.9434485,152.30681,178.0,0.69419265,71.79352,1
3.383591,167.2642,180.0,0.7180086,71.79352,1
4.9278564,166.89365,166.0,0.742703,71.79352,1
5.1092906,146.86143,162.0,0.6360684,71.79352,1
4.623777,164.4188,121.0,0.69997925,71.79352,1
5.0286713,160.53229,117.0,0.6400428,71.79352,1
0.5000902,201.98221,393.0,0.38029662,70.991104,-1
0.7623371,24.157028,385.0,0.37188625,70.991104,-1
0.42452714,17.095503,413.0,0.6705232,70.991104,-1
1.1857576,167.85034,403.0,0.53574026,71.23447,-1
0.17034009,227.10828,403.0,0.46586937,71.23447,-1
2.250236,221.69615,421.0,0.54442394,71.23447,-1
8.417502,201.59119,460.0,0.6681753,71.23447,-1
13.287752,239.06375,767.0,0.7669034,71.5569,-1
3.7131433,176.15108,822.0,0.75071174,71.5569,-1
4.911091,324.3358,857.0,0.75707424,71.5569,-1
7.722879,181.38052,1011.0,0.7543802,72.222916,-1
0.8133038,309.89865,883.0,0.7843837,72.222916,-1
3.695198,70.79317,933.0,0.7894639,72.874084,-1
3.3562465,198.4032,933.0,0.80259514,72.874084,-1
0.68131894,312.8926,395.0,0.3884514,70.991104,-1
0.5772041,59.859024,396.0,0.42481068,70.991104,-1
0.5929415,347.8507,397.0,0.42434436,70.991104,-1
2.7513394,14.434677,872.0,0.7712177,71.5569,-1
3.4923813,245.51546,866.0,0.7726733,71.5569,-1
4.0629253,355.6034,824.0,0.741235,71.5569,-1
3.3514206,43.478844,812.0,0.7394073,71.5569,-1
8.586802,183.30765,938.0,0.7435758,72.222916,-1
3.2991464,58.228218,925.0,0.8014647,72.222916,-1
3.6487536,315.55753,954.0,0.79837126,72.874084,-1
4.070387,137.67256,852.0,0.81660146,72.874084,-1
7.7673335,98.101585,840.0,0.7840993,72.874084,-1
1.0025111,150.14134,396.0,0.3687471,70.991104,-1
1.1007725,238.22743,404.0,0.651267,70.991104,-1
0.41053942,171.25824,384.0,0.43731523,71.23447,-1
1.1575087,293.61484,393.0,0.52871895,71.23447,-1
6.7793093,342.4038,867.0,0.717269,71.5569,-1
3.049534,239.15251,853.0,0.65382546,72.222916,-1
2.7695532,255.46504,900.0,0.7662335,72.222916,-1
6.380076,211.73026,833.0,0.8156403,72.874084,-1
0.42807886,215.66171,380.0,0.3680534,70.991104,-1
1.6285233,144.93265,390.0,0.49863064,70.991104,-1
0.17033161,312.89438,395.0,0.5772404,71.23447,-1
0.9429707,82.93837,392.0,0.5299993,71.23447,-1
0.52662265,208.28781,379.0,0.49583337,71.23447,-1
0.60784954,210.87802,411.0,0.41031155,71.23447,-1
5.663413,303.43005,880.0,0.7829259,71.5569,-1
2.4948347,88.66944,895.0,0.8042191,72.222916,-1
4.4415216,344.55145,910.0,0.7499591,72.222916,-1
1.3470237,149.3758,386.0,0.55975085,70.991104,-1
4.9871,93.32337,890.0,0.75581235,71.5569,-1
3.319052,196.35898,891.0,0.7447365,72.222916,-1
3.8232803,320.54364,917.0,0.78563094,72.222916,-1
7.163746,356.523,1000.0,0.7937332,72.222916,-1
5.392722,355.36844,932.0,0.82078534,72.874084,-1
8.316243,331.525,977.0,0.80036336,72.874084,-1
4.668218,133.93546,918.0,0.826099,72.874084,-1
0.7638018,170.59824,373.0,0.32962677,70.991104,-1
0.6369908,223.2814,372.0,0.3970597,70.991104,-1
0.21403793,215.66003,378.0,0.36751315,70.991104,-1
0.7638018,170.59824,387.0,0.38382038,70.991104,-1
0.8893677,167.85217,396.0,0.63129115,71.23447,-1
0.4700678,248.28758,397.0,0.6494021,71.23447,-1
3.4007854,76.2104,847.0,0.7093304,71.5569,-1
4.134558,131.13344,890.0,0.76240176,71.5569,-1
4.8817554,337.51282,867.0,0.753487,72.222916,-1
5.899036,284.16998,945.0,0.81791145,72.222916,-1
6.9744587,290.8319,1009.0,0.79924893,72.222916,-1
6.717091,98.3973,998.0,0.814115,72.874084,-1
10.933516,53.71355,886.0,0.78526527,72.874084,-1
0.5254159,173.18082,380.0,0.3956611,70.991104,-1
0.78368926,287.2088,380.0,0.4045682,70.991104,-1
0.46373534,180.0,385.0,0.443307,70.991104,-1
0.35335568,169.83081,373.0,0.43767524,71.23447,-1
0.76380116,189.40147,389.0,0.49261895,71.23447,-1
15.6508875,234.70412,679.0,0.7767518,71.5569,-1
7.398001,204.26266,875.0,0.7894267,71.5569,-1
6.008421,146.74951,864.0,0.7309052,71.5569,-1
4.1334915,322.93784,817.0,0.7527163,72.222916,-1
3.9896047,334.07822,895.0,0.7688115,72.222916,-1
7.0508738,325.70703,909.0,0.76211846,72.222916,-1
3.503867,130.12173,942.0,0.8154536,72.874084,-1
4.678102,342.17874,873.0,0.78681767,72.874084,-1
3.7597857,96.18682,824.0,0.797003,72.874084,-1
0.26330957,208.28485,366.0,0.43067855,70.991104,-1
0.18475536,160.26527,363.0,0.36314672,70.991104,-1
0.6310868,203.29105,368.0,0.36494508,70.991104,-1
1.4531757,279.17953,378.0,0.49230462,70.991104,-1
0.18715668,90.0,386.0,0.4528877,70.991104,-1
0.87836033,171.83412,370.0,0.36656725,71.23447,-1
0.6318435,297.3035,368.0,0.41601518,71.23447,-1
6.3347387,277.8571,434.0,0.7424802,71.23447,-1
8.673499,208.1048,605.0,0.7019029,71.5569,-1
18.52612,209.5965,696.0,0.7906114,71.5569,-1
4.4796004,199.48488,804.0,0.69752795,71.5569,-1
1.3734477,87.5815,819.0,0.7269988,71.5569,-1
7.5133867,4.261044,942.0,0.7762359,72.222916,-1
7.2012453,19.11505,919.0,0.75937486,72.222916,-1
5.307213,306.02432,940.0,0.7724253,72.222916,-1
3.7208889,278.94998,962.0,0.81969714,72.222916,-1
1.1535947,143.50339,383.0,0.44796112,70.991104,-1
0.80968016,141.9507,372.0,0.4382012,71.23447,-1
0.5024133,276.62534,371.0,0.54630065,71.23447,-1
7.459438,125.418,462.0,0.68554705,71.23447,-1
10.612662,182.66446,516.0,0.71084774,71.5569,-1
3.3190196,343.64294,844.0,0.73962617,71.5569,-1
2.7689555,312.02072,892.0,0.7463869,72.222916,-1
1.0626678,139.7833,906.0,0.6793833,72.222916,-1
4.961674,300.0742,944.0,0.77054065,72.222916,-1
2.4228382,313.90247,966.0,0.7580871,72.222916,-1
2.016382,261.73892,937.0,0.7881534,72.222916,-1
3.7395077,91.77411,1019.0,0.778507,72.222916,-1
3.7839282,321.27542,983.0,0.7162705,72.874084,-1
8.223356,334.56802,835.0,0.7871277,72.874084,-1
0.592935,167.85362,359.0,0.3697196,70.991104,-1
0.36950427,340.2664,368.0,0.4657942,71.23447,-1
0.68031275,219.92928,386.0,0.51498616,71.23447,-1
1.3149098,264.9425,405.0,0.49022463,71.23447,-1
8.781155,226.55052,446.0,0.7026185,71.5569,-1
7.9602966,285.0979,781.0,0.76947296,71.5569,-1
2.1227124,255.7789,799.0,0.7401707,71.5569,-1
4.1794972,255.56918,910.0,0.77278507,71.5569,-1
3.9716182,253.05554,848.0,0.6938063,71.5569,-1
2.9330347,198.58748,833.0,0.67696124,71.5569,-1
2.2335758,247.10155,972.0,0.7350365,72.222916,-1
7.1591263,117.851746,880.0,0.76388675,72.874084,-1
1.1241913,87.04465,365.0,0.3627271,70.991104,-1
0.93561697,90.0,353.0,0.3454897,70.991104,-1
0.34500185,147.1511,357.0,0.47036612,71.23447,-1
0.46791172,187.66107,360.0,0.4524207,71.23447,-1
1.0772862,247.87541,378.0,0.47351867,71.23447,-1
0.9729131,206.66505,385.0,0.44817814,71.23447,-1
0.88231057,246.78569,383.0,0.50916356,71.23447,-1
4.991683,354.99423,921.0,0.7437371,71.5569,-1
6.526947,65.99766,823.0,0.7341839,71.5569,-1
3.867911,240.40817,933.0,0.75125146,72.222916,-1
3.329163,172.47179,953.0,0.8133818,72.222916,-1
3.265502,262.86963,1032.0,0.77073956,72.222916,-1
2.3800948,161.67978,1019.0,0.81176925,72.222916,-1
1.8643616,164.47975,1042.0,0.7819629,72.222916,-1
1.6581405,219.7448,969.0,0.78983015,72.222916,-1
1.7319237,103.54574,1043.0,0.798379,72.874084,-1
6.046064,94.38265,852.0,0.8230216,72.874084,-1
0.4699927,248.28394,342.0,0.40794152,70.991104,-1
0.84134865,153.58871,363.0,0.36163783,70.991104,-1
1.4026682,161.86633,359.0,0.4227884,71.23447,-1
5.9160175,120.51146,394.0,0.5524294,71.23447,-1
2.1834552,129.55833,376.0,0.50773513,71.23447,-1
7.6832085,43.949398,846.0,0.7484032,71.5569,-1
5.3394284,164.45946,889.0,0.7217657,72.222916,-1
2.2732928,186.29805,1009.0,0.76700664,72.222916,-1
1.0024422,29.851791,942.0,0.82921076,72.874084,-1
5.5937963,139.8554,882.0,0.814842,72.874084,-1
10.163989,95.18049,678.0,0.7722176,72.874084,-1
0.5960422,132.90318,334.0,0.3699376,70.991104,-1
0.50233686,263.37366,338.0,0.37682766,70.991104,-1
0.65822226,208.28043,366.0,0.54696006,71.23447,-1
0.8513443,241.53667,358.0,0.5700137,71.23447,-1
3.8122072,248.6291,374.0,0.60385644,71.5569,-1
6.3581944,248.14464,840.0,0.7773694,71.5569,-1
8.430197,203.82841,930.0,0.77702916,71.5569,-1
3.0574913,56.680965,807.0,0.66916025,72.222916,-1
1.8786174,275.3096,882.0,0.73164976,72.222916,-1
2.380719,125.735214,876.0,0.7884636,72.222916,-1
2.5906694,220.51314,920.0,0.7842696,72.222916,-1
3.9118295,287.2123,986.0,0.79353213,72.222916,-1
7.6420927,135.75253,978.0,0.8056328,72.874084,-1
6.1180024,142.45494,944.0,0.8137118,72.874084,-1
0.8893568,167.85544,339.0,0.40129894,70.991104,-1
0.49434587,117.97187,343.0,0.37427366,70.991104,-1
0.6899536,327.15433,353.0,0.4274282,70.991104,-1
0.4057705,-0.0,354.0,0.42635167,70.991104,-1
2.5678742,186.97095,363.0,0.64367044,71.23447,-1
3.0214999,233.54503,380.0,0.56066513,71.5569,-1
5.9050837,198.40619,882.0,0.7868895,71.5569,-1
7.8786016,37.850533,898.0,0.75596935,71.5569,-1
4.323141,112.8374,1060.0,0.8112951,72.874084,-1
0.8783565,351.83588,922.0,0.78784025,72.874084,-1
0.8115003,180.0,349.0,0.53069407,71.23447,-1
1.5785414,228.63603,350.0,0.6045495,71.23447,-1
2.6137052,214.9115,367.0,0.75917953,71.23447,-1
3.606349,138.97964,841.0,0.73666185,71.5569,-1
4.614931,35.442383,971.0,0.7316003,71.5569,-1
2.212777,312.90494,950.0,0.7421537,71.5569,-1
4.3315244,214.09023,825.0,0.7371177,72.222916,-1
6.779953,297.35742,988.0,0.7951332,72.222916,-1
6.8956904,92.39732,888.0,0.75440466,72.874084,-1
1.0617261,273.12943,331.0,0.3493923,70.991104,-1
0.52401716,236.4202,341.0,0.35801563,70.991104,-1
1.3965405,174.87662,346.0,0.40965998,70.991104,-1
1.0216645,132.90582,347.0,0.4763553,70.991104,-1
0.2964726,167.85617,351.0,0.43726155,71.23447,-1
0.5265752,331.72177,364.0,0.4491186,71.23447,-1
0.6957462,260.4082,366.0,0.44858992,71.5569,-1
7.308111,284.62238,458.0,0.7150955,71.5569,-1
7.885076,277.9783,754.0,0.7930326,71.5569,-1
4.2169614,124.23481,864.0,0.7014578,71.5569,-1
2.208161,315.10873,928.0,0.8268742,72.222916,-1
5.9813848,174.03667,924.0,0.7535538,72.874084,-1
3.9849877,136.56534,772.0,0.7799178,72.874084,-1
1.4826721,117.97333,761.0,0.75174665,72.874084,-1
0.6876926,245.07393,335.0,0.3389286,71.07535,-1
0.34497994,147.15672,336.0,0.36135006,71.07535,-1
0.79700273,120.60365,347.0,0.32836097,71.07535,-1
0.8708418,149.91553,338.0,0.4230195,71.07535,-1
0.6957253,99.5921,335.0,0.41649342,71.05111,-1
0.52400595,123.58062,334.0,0.44785333,71.05111,-1
1.0770869,112.1289,807.0,0.7618841,71.17931,-1
5.8055763,35.317703,840.0,0.7439496,71.95203,-1
2.1468108,51.628685,845.0,0.597217,71.95203,-1
4.4412365,240.33076,1108.0,0.81047773,71.95203,-1
8.630883,161.17337,914.0,0.8070257,72.52778,-1
7.952043,181.78618,831.0,0.792129,72.52778,-1
15.341873,78.513596,698.0,0.59713227,72.52778,-1
0.3694926,199.72855,337.0,0.40033263,71.07535,-1
3.0880919,214.39659,375.0,0.53206277,71.17931,-1
3.7467604,236.20787,967.0,0.7556602,71.17931,-1
2.2692108,69.056305,1064.0,0.79947156,72.52778,-1
5.073115,127.15861,893.0,0.8254594,72.52778,-1
0.7834029,252.78471,322.0,0.6244396,71.07535,-1
0.5117314,322.46005,330.0,0.39105234,71.07535,-1
1.031323,231.81396,332.0,0.5167287,71.05111,-1
9.620426,193.36575,486.0,0.69608,71.17931,-1
3.6895976,78.23115,991.0,0.73683095,71.95203,-1
5.965015,355.81836,1022.0,0.81227213,71.95203,-1
0.9338759,240.22882,315.0,0.5211949,71.07535,-1
0.50223005,83.37223,320.0,0.41168177,71.07535,-1
1.3304026,110.39637,359.0,0.48471066,71.17931,-1
5.0461044,285.96152,1090.0,0.77808505,71.95203,-1
12.992346,161.29028,939.0,0.7802402,72.52778,-1
1.4990435,332.7741,822.0,0.771186,72.52778,-1
0.45163664,75.12581,311.0,0.5446683,71.07535,-1
1.5348326,142.46176,333.0,0.45324525,71.07535,-1
15.562447,240.6311,734.0,0.78083056,71.17931,-1
11.305272,199.72687,843.0,0.7247096,71.95203,-1
2.9105563,244.03725,899.0,0.8013959,71.95203,-1
4.4821706,271.47916,991.0,0.80505633,71.95203,-1
4.594712,228.14644,1018.0,0.7979315,71.95203,-1
5.637012,202.70174,1046.0,0.77946913,71.95203,-1
7.9153438,175.51027,891.0,0.80587596,72.52778,-1
6.1846976,157.5637,871.0,0.78998107,72.52778,-1
2.6801019,91.23845,809.0,0.80041164,72.52778,-1
0.52541226,186.81586,332.0,0.5722524,71.05111,-1
1.6373323,278.13916,361.0,0.620492,71.05111,-1
6.1351767,259.1495,364.0,0.61667985,71.17931,-1
7.3234935,172.70238,806.0,0.77290803,71.17931,-1
3.8941567,253.59666,791.0,0.7812743,71.17931,-1
4.8065133,177.03236,720.0,0.7827431,71.17931,-1
4.197331,59.330685,946.0,0.8042181,71.95203,-1
3.832707,292.18207,908.0,0.71512806,71.95203,-1
3.0242167,163.23776,835.0,0.7905216,72.52778,-1
0.29792067,218.89513,320.0,0.3602419,71.07535,-1
1.1154965,108.165215,342.0,0.44013208,71.07535,-1
0.65817684,208.27307,320.0,0.4615955,71.05111,-1
0.7279719,309.56873,353.0,0.4752784,71.05111,-1
7.874522,227.70197,713.0,0.7793797,71.17931,-1
3.9952602,178.21416,864.0,0.8111903,71.95203,-1
3.5375876,118.333336,875.0,0.79029953,72.52778,-1
2.0318635,176.4826,823.0,0.76219666,72.52778,-1
12.646284,272.32584,675.0,0.74671924,72.52778,-1
1.0023428,150.15811,317.0,0.3725574,71.07535,-1
1.8076527,127.52401,339.0,0.42326272,71.07535,-1
0.71393955,119.153015,324.0,0.45414484,71.07535,-1
0.9525125,211.57712,360.0,0.6674605,71.05111,-1
3.012212,178.81497,358.0,0.5377396,71.05111,-1
0.5117022,142.46431,358.0,0.660769,71.17931,-1
1.3727304,87.58024,727.0,0.7387269,71.95203,-1
5.918188,185.42169,862.0,0.76849425,71.95203,-1
2.0663023,197.55559,848.0,0.78505844,71.95203,-1
3.3081205,204.46935,867.0,0.7710522,71.95203,-1
2.493224,91.33142,830.0,0.79095334,72.52778,-1
2.293054,40.712494,807.0,0.7974635,72.52778,-1
6.76102,100.82145,800.0,0.7908271,72.52778,-1
20.329,115.21456,694.0,0.7477338,72.52778,-1
11.060083,186.39311,750.0,0.70106107,72.52778,-1
0.7075312,104.22782,328.0,0.3985808,71.07535,-1
0.6406645,185.5848,356.0,0.6441371,71.05111,-1
0.7139228,299.15375,376.0,0.56711334,71.05111,-1
0.8716881,175.89848,347.0,0.48231193,71.05111,-1
0.8095193,141.96526,346.0,0.42866367,71.17931,-1
15.461259,272.09622,724.0,0.7675029,71.17931,-1
4.2784696,206.80342,797.0,0.7673558,71.17931,-1
2.017832,192.4866,829.0,0.76910776,71.95203,-1
2.9464028,143.70035,830.0,0.7994423,72.52778,-1
10.857335,116.30195,470.0,0.66732365,72.52778,-1
0.60806185,124.88805,304.0,0.3950997,71.07535,-1
1.3909631,180.0,352.0,0.70563966,71.05111,-1
0.985362,180.0,349.0,0.6242282,71.05111,-1
0.7438659,236.9434,337.0,0.536892,71.17931,-1
4.8952136,254.93672,555.0,0.7596271,71.17931,-1
2.9182062,286.13254,847.0,0.76850766,71.95203,-1
3.8577137,145.60997,852.0,0.7441013,71.95203,-1
0.42449665,162.91788,300.0,0.39364523,71.05111,-1
1.2811681,174.41556,337.0,0.61012244,71.05111,-1
0.3885103,233.35779,343.0,0.4102432,71.17931,-1
2.325103,198.75984,686.0,0.78671205,71.17931,-1
3.2365534,151.24434,824.0,0.76371473,71.95203,-1
1.779465,281.26776,834.0,0.7866273,71.95203,-1
2.6029074,143.24371,815.0,0.795373,72.52778,-1
1.8271232,134.24643,803.0,0.7657986,72.52778,-1
17.529028,236.12733,496.0,0.6822564,72.52778,-1
0.4697806,111.726364,323.0,0.3668873,71.07535,-1
0.1375066,114.93348,298.0,0.39686355,71.05111,-1
0.4697806,291.72635,316.0,0.46409342,71.05111,-1
0.8716877,355.89886,341.0,0.42731446,71.17931,-1
6.1874366,193.93887,558.0,0.7610308,71.17931,-1
13.050089,160.53024,559.0,0.7762254,71.17931,-1
8.316673,140.19626,487.0,0.7635959,71.17931,-1
4.3592153,87.71808,828.0,0.73146576,71.95203,-1
2.5474746,225.1749,792.0,0.78386134,71.95203,-1
0.9991091,93.32582,790.0,0.76742405,72.52778,-1
4.3083315,79.163124,792.0,0.74526143,72.52778,-1
0.8094815,218.03133,293.0,0.3834401,71.07535,-1
1.5284576,150.70238,307.0,0.41537455,71.07535,-1
0.6801403,140.08807,349.0,0.71012753,71.05111,-1
0.76611966,132.91725,327.0,0.5323475,71.05111,-1
1.2519032,288.90964,334.0,0.50093377,71.17931,-1
6.352929,313.67987,448.0,0.653612,71.17931,-1
5.9394774,285.80087,467.0,0.73364943,71.17931,-1
8.154403,117.31933,875.0,0.59856784,71.95203,-1
2.6844416,266.28836,801.0,0.7380874,72.52778,-1
7.372556,173.23875,334.0,0.7119202,72.52778,-1
0.69545513,80.40414,288.0,0.2716404,71.07535,-1
0.60771656,210.85704,287.0,0.39951295,71.07535,-1
0.46790662,187.65642,289.0,0.43476826,71.07535,-1
0.82102036,171.26566,300.0,0.40616083,71.07535,-1
0.87075436,210.07454,304.0,0.3614527,71.07535,-1
0.993216,172.78908,311.0,0.49080655,71.07535,-1
1.0660074,96.24297,335.0,0.6146882,71.05111,-1
1.4131215,190.16185,338.0,0.58818036,71.05111,-1
0.29789543,321.1109,327.0,0.42889413,71.17931,-1
0.2560139,283.08664,329.0,0.46105108,71.17931,-1
0.85121816,312.91812,331.0,0.44506598,71.17931,-1
8.304522,136.70174,431.0,0.7426173,71.17931,-1
13.478391,261.74838,710.0,0.6426416,71.95203,-1
3.8618357,193.04167,813.0,0.6657986,71.95203,-1
1.6989738,171.56242,771.0,0.7709879,71.95203,-1
1.2385813,159.37337,770.0,0.7672965,71.95203,-1
1.6747855,243.2671,764.0,0.72944534,72.52778,-1
1.6296959,263.87598,321.0,0.43626085,71.05111,-1
0.65814054,208.2672,318.0,0.53618807,71.05111,-1
0.59586525,312.919,324.0,0.44506678,71.17931,-1
0.8783473,351.84006,339.0,0.453801,71.17931,-1
4.7446294,291.4501,492.0,0.7409563,71.17931,-1
7.063537,174.96248,441.0,0.659221,71.17931,-1
3.2776902,284.31955,868.0,0.7188927,71.95203,-1
6.779056,5.251621,796.0,0.72591203,71.95203,-1
2.6963756,144.72028,782.0,0.7560262,71.95203,-1
13.9179535,131.71977,301.0,0.72789717,72.52778,-1
0.5518446,222.66844,284.0,0.45178446,71.07535,-1
1.0529454,208.26646,291.0,0.3929119,71.07535,-1
0.74801123,270.0,298.0,0.45119175,71.05111,-1
0.95244837,148.42917,323.0,0.60107315,71.05111,-1
0.6809702,227.08012,369.0,0.51298136,71.17931,-1
4.7943873,272.76562,381.0,0.6629145,71.17931,-1
5.506387,134.68156,732.0,0.7762235,71.95203,-1
1.1969072,278.35315,303.0,0.38808468,71.05111,-1
1.0659103,276.24356,333.0,0.50721973,71.05111,-1
0.49412075,117.98573,336.0,0.52688366,71.05111,-1
0.6260236,264.68716,348.0,0.6133488,71.17931,-1
0.51164967,322.47195,350.0,0.58916026,71.17931,-1
0.55799097,231.44217,363.0,0.62622595,71.17931,-1
1.5196356,235.10617,382.0,0.5298113,71.17931,-1
9.205643,255.16995,523.0,0.689771,71.95203,-1
0.3170211,280.53586,781.0,0.68855566,71.95203,-1
2.9277325,224.5884,853.0,0.74644136,71.95203,-1
3.632676,188.8722,770.0,0.77605844,72.52778,-1
3.8537984,211.11952,188.0,0.7275799,72.52778,-1
5.68974,174.35997,269.0,0.68535346,72.52778,-1
0.82101804,351.2667,301.0,0.29913756,71.07535,-1
0.793713,18.307613,292.0,0.35499972,71.07535,-1
0.81543905,337.53088,297.0,0.5270034,71.07535,-1
0.8287345,77.88768,314.0,0.4875796,71.05111,-1
0.8428027,254.03195,385.0,0.4597749,71.17931,-1
3.263597,283.33575,406.0,0.4905108,71.95203,-1
5.017922,252.56705,874.0,0.7330836,71.95203,-1
7.8188615,86.62089,799.0,0.69601125,71.95203,-1
0.9827968,49.552723,298.0,0.32715738,71.07535,-1
1.5280094,316.10678,293.0,0.54393613,71.07535,-1
0.80663085,315.93887,305.0,0.5093097,71.07535,-1
1.0164042,165.8017,326.0,0.57209146,71.05111,-1
1.7341597,25.543257,338.0,0.4297441,71.17931,-1
1.1841408,270.0,351.0,0.57437384,71.17931,-1
12.508573,60.79312,667.0,0.71574706,72.52778,-1
3.734825,134.22318,153.0,0.53266186,72.52778,-1
2.547701,155.43987,147.0,0.52771825,72.52778,-1
1.0705644,119.16125,111.0,0.3742792,72.52778,-1
0.8508795,61.519703,320.0,0.35645258,71.07535,-1
0.34047472,47.07662,291.0,0.32211962,71.07535,-1
1.0022515,29.832785,291.0,0.32805306,71.07535,-1
1.1253586,62.38435,280.0,0.282036,71.07535,-1
0.6650039,249.59444,307.0,0.5533069,71.07535,-1
1.0164024,165.80212,315.0,0.49143523,71.05111,-1
4.136517,282.11304,801.0,0.7622474,71.95203,-1
1.0560447,70.77289,319.0,0.36329103,71.07535,-1
0.9335088,60.215923,291.0,0.31011596,71.07535,-1
1.1173201,33.90147,338.0,0.47118062,71.05111,-1
0.38230932,220.70119,340.0,0.45569035,71.17931,-1
2.4540572,278.14285,457.0,0.703089,71.17931,-1
6.621015,153.86595,610.0,0.7504722,71.95203,-1
1.0594271,90.0,326.0,0.40313956,71.07535,-1
1.1034937,42.66319,320.0,0.40107957,71.07535,-1
1.948408,11.061122,314.0,0.35243574,71.07535,-1
1.0775899,203.88002,305.0,0.4783718,71.05111,-1
0.94197154,97.06916,347.0,0.40622413,71.17931,-1
0.9193688,251.62508,351.0,0.5915633,71.17931,-1
1.8071647,232.4641,363.0,0.44324747,71.17931,-1
11.86223,280.2661,614.0,0.68321025,71.95203,-1
7.646885,94.75477,708.0,0.7571277,72.52778,-1
13.180921,101.46219,332.0,0.7564515,72.52778,-1
0.81273,230.06752,296.0,0.48432,71.45114,-1
0.27493536,294.94086,298.0,0.59215957,71.45114,-1
0.6259095,275.3138,336.0,0.5496085,71.45114,-1
0.81223434,274.09235,350.0,0.69392216,71.45114,-1
0.25534475,312.926,351.0,0.49056804,71.45114,-1
0.29646337,347.8645,341.0,0.5124837,71.26377,-1
9.284375,116.06629,574.0,0.74374753,71.8478,-1
3.5786195,103.09014,224.0,0.7569317,72.90971,-1
2.391152,105.45704,119.0,0.4578984,72.90971,-1
0.9035234,146.51018,113.0,0.40890458,72.90971,-1
1.3181719,296.08374,279.0,0.62709326,71.141106,-1
1.1314533,235.70222,287.0,0.66807824,71.141106,-1
0.8154171,202.4654,290.0,0.46016443,71.141106,-1
0.9827096,310.4516,303.0,0.6169821,71.45114,-1
0.9880027,297.9908,311.0,0.55742705,71.45114,-1
0.35685003,299.16498,340.0,0.61553,71.45114,-1
0.13162552,331.73938,344.0,0.5116103,71.26377,-1
0.869456,-0.0,355.0,0.46624216,71.26377,-1
4.825064,205.98395,722.0,0.750665,71.8478,-1
3.1814282,201.82776,836.0,0.7419143,71.8478,-1
6.0320415,81.188034,800.0,0.73932433,71.8478,-1
1.0805355,126.16084,305.0,0.42795327,71.141106,-1
1.2064029,101.07964,292.0,0.5225001,71.141106,-1
0.6076627,149.15146,340.0,0.47976455,71.26377,-1
1.4608982,172.64888,346.0,0.5362144,71.26377,-1
0.97272664,333.35684,362.0,0.39702854,71.26377,-1
12.920274,275.31415,483.0,0.6854211,71.26377,-1
0.5727233,101.678696,103.0,0.46802285,72.90971,-1
1.2461777,90.0,291.0,0.40030423,71.141106,-1
0.42554864,132.92863,286.0,0.44873032,71.141106,-1
1.0538925,159.22177,310.0,0.45471862,71.45114,-1
1.002206,330.17175,348.0,0.40717387,71.26377,-1
4.800592,188.94073,730.0,0.6874944,71.8478,-1
19.39834,146.43312,626.0,0.7866536,72.90971,-1
4.521011,116.604965,265.0,0.77865994,72.90971,-1
0.93915015,111.73482,107.0,0.49847287,72.90971,-1
1.1156672,231.43362,294.0,0.4728931,71.45114,-1
0.6872415,245.05644,327.0,0.46121293,71.26377,-1
2.3290777,126.65566,335.0,0.6915274,71.26377,-1
13.456295,110.545815,481.0,0.76197654,71.8478,-1
0.7066588,10.157576,306.0,0.5393828,71.141106,-1
0.26324242,331.7423,286.0,0.5987466,71.45114,-1
1.0676482,229.34769,298.0,0.45253363,71.45114,-1
0.6496876,168.94086,299.0,0.4446987,71.45114,-1
0.78285486,287.22772,323.0,0.4853213,71.45114,-1
1.0696348,144.37248,335.0,0.53291607,71.26377,-1
0.13162191,331.7423,325.0,0.38347095,71.26377,-1
10.212035,139.30489,400.0,0.7342771,71.8478,-1
9.508786,162.62143,464.0,0.68428636,71.8478,-1
5.296363,139.81454,461.0,0.77316463,71.8478,-1
2.497073,86.00903,149.0,0.6972611,72.90971,-1
0.94177276,262.92935,333.0,0.5898136,71.45114,-1
0.549775,245.05511,324.0,0.42921308,71.26377,-1
0.76450497,139.30574,320.0,0.4351725,71.26377,-1
5.978206,265.56714,460.0,0.7257204,71.26377,-1
7.820164,324.12744,600.0,0.7439088,71.26377,-1
12.749649,88.71894,490.0,0.7086448,71.8478,-1
2.6491733,124.64684,256.0,0.77121556,72.90971,-1
2.1921756,96.068726,147.0,0.7318091,72.90971,-1
1.4951723,90.0,101.0,0.49837294,72.90971,-1
8.144023,292.006,388.0,0.59356004,71.26377,-1
4.825647,258.24484,544.0,0.72061545,71.26377,-1
2.4491873,122.95909,225.0,0.7799617,72.90971,-1
2.0339696,101.50283,143.0,0.78438866,72.90971,-1
1.821169,97.312325,251.0,0.6181182,71.141106,-1
0.68080246,47.066998,308.0,0.45281988,71.45114,-1
0.999902,158.04651,325.0,0.4719229,71.45114,-1
0.38225955,220.69252,323.0,0.4854239,71.26377,-1
19.814653,116.69699,411.0,0.7857491,72.90971,-1
10.683882,114.38903,293.0,0.7756036,72.90971,-1
1.8585107,183.84326,206.0,0.5933379,71.141106,-1
0.818194,98.14555,273.0,0.38976797,71.141106,-1
0.75354296,-0.0,315.0,0.48403186,71.45114,-1
0.57816744,334.4656,316.0,0.45027423,71.26377,-1
0.2978307,38.87367,319.0,0.45339206,71.26377,-1
2.550416,241.51088,474.0,0.72163826,71.26377,-1
12.179872,262.9998,421.0,0.6627006,71.8478,-1
9.649198,279.93723,407.0,0.68532217,71.8478,-1
1.3928688,156.2643,190.0,0.78140897,72.90971,-1
1.5114629,114.9469,119.0,0.7620559,72.90971,-1
1.1911476,38.87281,323.0,0.45868155,71.45114,-1
0.9357412,7.6520104,313.0,0.4210747,71.45114,-1
0.5956892,132.93475,315.0,0.512859,71.45114,-1
0.8064638,224.04886,299.0,0.6000729,71.26377,-1
10.396384,299.3924,423.0,0.70866174,71.8478,-1
8.614866,104.3053,328.0,0.76440567,72.90971,-1
1.5392934,58.190376,123.0,0.76238805,72.90971,-1
1.1741703,9.158588,121.0,0.7591517,72.90971,-1
3.0992,39.99275,115.0,0.5895282,72.90971,-1
1.7984014,110.75964,248.0,0.7270654,71.141106,-1
4.036741,198.87955,192.0,0.6843117,71.141106,-1
10.778774,203.92505,395.0,0.74265206,71.26377,-1
7.4854736,110.74437,320.0,0.65212256,71.26377,-1
1.1228158,267.04102,308.0,0.38432333,71.26377,-1
9.049133,136.4019,391.0,0.69421643,71.8478,-1
1.6852031,184.2392,346.0,0.51580924,71.8478,-1
0.19569239,252.7693,338.0,0.5479771,71.8478,-1
1.8585103,3.843025,133.0,0.7602269,72.90971,-1
1.806396,33.480145,284.0,0.6194074,71.141106,-1
0.24920468,90.0,247.0,0.74796736,71.141106,-1
2.4618948,99.48107,175.0,0.49335346,71.141106,-1
0.39484122,331.74744,330.0,0.48803142,71.45114,-1
5.621691,175.56505,319.0,0.69121003,71.26377,-1
1.8511072,102.658035,205.0,0.7155272,72.90971,-1
1.4576743,342.59537,176.0,0.75894636,72.90971,-1
4.7214937,333.40952,193.0,0.6440929,71.141106,-1
2.3045726,271.44055,268.0,0.57009655,71.141106,-1
0.66444653,196.33617,296.0,0.34464714,71.26377,-1
16.050344,115.4063,505.0,0.79326195,71.8478,-1
4.915641,162.33665,251.0,0.7387251,72.90971,-1
1.5446547,34.36876,184.0,0.79348713,72.90971,-1
5.7626243,219.47018,221.0,0.5522198,71.141106,-1
4.3084555,245.39856,155.0,0.543104,71.141106,-1
0.19567603,287.23218,325.0,0.63067806,71.45114,-1
0.4983695,90.0,297.0,0.3702041,71.26377,-1
0.7644255,139.31267,294.0,0.4345545,71.26377,-1
8.009091,265.46335,608.0,0.78413135,71.8478,-1
11.552294,110.574776,320.0,0.7878449,71.8478,-1
0.97830397,341.43588,198.0,0.7080404,72.90971,-1
1.218741,2.9295933,198.0,0.69619274,72.90971,-1
2.5529473,115.53965,153.0,0.7219845,72.90971,-1
1.5927738,213.19025,327.0,0.48161504,71.45114,-1
0.6406591,185.57986,299.0,0.67599106,71.26377,-1
0.28983843,180.0,286.0,0.45524296,71.26377,-1
0.7388616,199.70847,311.0,0.47650424,71.8478,-1
0.57814777,205.5303,313.0,0.49008852,71.8478,-1
0.35673356,119.175415,200.0,0.5560763,72.90971,-1
3.0275738,354.10062,234.0,0.5799291,71.141106,-1
0.6066802,67.53091,277.0,0.49762484,71.26377,-1
0.37822676,98.81594,285.0,0.53517663,71.26377,-1
0.410524,188.72777,287.0,0.47674388,71.26377,-1
9.405494,321.4251,351.0,0.7481144,71.8478,-1
0.8716841,175.90224,198.0,0.5322115,72.90971,-1
2.9744983,339.16397,261.0,0.6356746,71.141106,-1
0.75611264,184.72537,280.0,0.5884727,71.26377,-1
0.813887,175.61078,289.0,0.46718085,71.26377,-1
0.832734,192.96742,291.0,0.59382474,71.26377,-1
0.7390722,149.62372,292.0,0.62438637,71.26377,-1
10.65512,324.29272,351.0,0.71300703,71.8478,-1
6.493087,170.65422,281.0,0.72124994,71.8478,-1
0.8812601,113.24361,210.0,0.6102976,72.90971,-1
4.2258315,358.3137,227.0,0.69904435,71.141106,-1
1.2359053,238.9452,305.0,0.5491508,71.45114,-1
1.3577384,223.4751,320.0,0.48080325,71.45114,-1
0.5577406,51.42167,306.0,0.63394076,71.26377,-1
0.6066486,112.47032,301.0,0.5837655,71.26377,-1
0.9982258,93.32877,297.0,0.5056523,71.26377,-1
0.9022875,104.88987,285.0,0.5086306,71.26377,-1
0.5577406,308.57834,289.0,0.50487274,71.8478,-1
15.624153,354.19897,423.0,0.7677309,71.8478,-1
5.1986337,297.84244,470.0,0.78517497,71.8478,-1
2.1542132,156.1323,256.0,0.7066541,71.8478,-1
1.3667823,143.6758,203.0,0.6265763,72.90971,-1
1.0554692,109.23801,189.0,0.5804147,72.90971,-1
1.3286984,163.66618,173.0,0.646858,72.90971,-1
0.5016536,276.6354,290.0,0.40079635,71.45114,-1
0.42543715,132.9426,308.0,0.3866964,71.45114,-1
1.2358776,238.94443,308.0,0.45874858,71.45114,-1
0.5016536,83.36458,272.0,0.42627692,71.26377,-1
2.091805,252.26007,288.0,0.6675753,71.26377,-1
0.63106376,297.34006,285.0,0.44261932,71.26377,-1
2.5558944,322.49313,293.0,0.4831211,71.8478,-1
0.6851381,90.0,204.0,0.5423846,72.90971,-1
0.4278336,215.61592,190.0,0.5805938,72.90971,-1
0.9781527,72.76534,180.0,0.5921383,72.90971,-1
0.52353835,236.38539,100.0,0.4260342,71.141106,-1
1.7781769,192.12831,263.0,0.54585516,71.141106,-1
0.5363643,193.4294,295.0,0.36724827,71.45114,-1
0.8891094,101.27851,305.0,0.4827064,71.45114,-1
5.685082,276.41873,644.0,0.7757016,71.8478,-1
0.66459334,110.41873,184.0,0.59677935,72.90971,-1
1.1592054,180.0,262.0,0.42753416,71.141106,-1
0.7213936,223.68365,288.0,0.5225849,71.45114,-1
1.043312,180.0,286.0,0.36840212,71.45114,-1
0.5829982,173.86732,302.0,0.44118562,71.45114,-1
0.87952554,238.18176,270.0,0.53312045,71.26377,-1
0.8811693,293.24615,282.0,0.5216784,71.26377,-1
1.8231832,189.83171,253.0,0.6653595,71.8478,-1
1.2651036,150.51163,234.0,0.614032,71.8478,-1
0.82810503,102.12167,203.0,0.6674546,72.90971,-1
1.5223088,100.97326,159.0,0.6280484,72.90971,-1
0.60902804,197.86559,258.0,0.45185056,71.141106,-1
0.6948144,279.6048,289.0,0.4064456,71.45114,-1
0.6919661,125.900795,285.0,0.4528461,71.26377,-1
0.5781248,205.52554,264.0,0.6002623,71.26377,-1
0.5495543,114.9556,275.0,0.45406207,71.26377,-1
0.26321182,208.24529,271.0,0.5362685,71.26377,-1
15.6130495,182.22931,473.0,0.7621259,71.8478,-1
1.7108045,144.38657,221.0,0.6193808,71.8478,-1
0.7657178,132.94522,193.0,0.6123282,72.90971,-1
0.812409,129.95143,185.0,0.6145408,72.90971,-1
0.23187147,-0.0,176.0,0.5432069,72.90971,-1
1.0230329,103.09864,149.0,0.636327,72.90971,-1
6.750472,74.63467,124.0,0.6329163,71.34293,-1
1.0993099,301.8198,277.0,0.59678614,71.399,-1
0.68965554,327.19272,284.0,0.4813195,71.399,-1
1.1888276,264.40433,298.0,0.5539476,71.399,-1
0.21391094,324.3874,271.0,0.50523984,71.386086,-1
13.720787,147.70726,417.0,0.7853626,71.96941,-1
9.320948,183.03706,338.0,0.79115397,71.96941,-1
1.0020546,150.18686,233.0,0.6302088,71.96941,-1
0.51154244,103.09902,168.0,0.6467472,72.70898,-1
2.690255,49.763138,221.0,0.7231756,71.34293,-1
12.032334,132.74788,348.0,0.792769,71.96941,-1
6.529544,132.2055,278.0,0.7073515,71.96941,-1
1.5122174,98.81806,208.0,0.48960614,71.96941,-1
0.36943465,160.29652,181.0,0.59532696,72.70898,-1
1.2507604,95.31769,168.0,0.64959645,72.70898,-1
4.130335,48.8152,201.0,0.78443384,71.34293,-1
5.931489,129.26967,104.0,0.6110568,71.34293,-1
4.7971454,245.0424,239.0,0.7380162,71.34293,-1
0.99670076,290.4216,276.0,0.43057293,71.386086,-1
0.9931997,172.7965,199.0,0.5653912,71.96941,-1
0.80628544,135.96425,166.0,0.5989646,72.70898,-1
0.5763709,239.81091,164.0,0.6062457,72.70898,-1
1.1528955,143.5504,173.0,0.5924232,72.70898,-1
2.243815,92.960236,141.0,0.65747046,72.70898,-1
1.5102134,147.59216,294.0,0.54847133,71.399,-1
0.76430666,139.32303,285.0,0.46461272,71.399,-1
1.1290672,192.74403,275.0,0.52453536,71.399,-1
0.21987338,301.82214,268.0,0.51548135,71.386086,-1
10.816927,317.39462,366.0,0.7056798,71.386086,-1
0.8488957,41.314472,204.0,0.598578,71.96941,-1
6.307941,3.9465458,202.0,0.75205916,71.34293,-1
4.0650215,328.66907,187.0,0.7574895,71.34293,-1
0.9460329,191.38838,262.0,0.5921609,71.399,-1
1.1030183,176.76393,270.0,0.5022662,71.386086,-1
0.47286707,127.80165,265.0,0.54025763,71.386086,-1
7.980656,108.95011,290.0,0.7825519,71.96941,-1
3.9513772,121.82294,251.0,0.6464745,71.96941,-1
2.206481,135.15259,236.0,0.5585144,71.96941,-1
0.8794288,97.57484,201.0,0.59874785,71.96941,-1
0.70957345,206.02632,206.0,0.56644636,71.96941,-1
0.25574675,76.89944,214.0,0.62600917,71.96941,-1
0.38821223,126.674934,183.0,0.5876671,72.70898,-1
1.5280331,209.26923,240.0,0.7678909,71.34293,-1
4.165758,160.83536,217.0,0.7752295,71.399,-1
1.5947473,257.40604,266.0,0.56813127,71.399,-1
0.5928885,167.87456,258.0,0.42908928,71.386086,-1
0.18471669,199.70126,270.0,0.6064865,71.386086,-1
0.13737188,294.9596,305.0,0.680459,71.386086,-1
1.3096324,108.04637,141.0,0.57508755,72.70898,-1
11.218432,243.9798,160.0,0.63777477,71.34293,-1
1.5953954,191.25072,181.0,0.77346957,71.399,-1
0.87937087,238.1755,296.0,0.4845847,71.399,-1
6.851999,264.20117,510.0,0.7828994,71.386086,-1
1.0451678,183.41522,190.0,0.64710796,71.96941,-1
0.888875,258.71848,194.0,0.57993144,71.96941,-1
1.6350772,98.15045,138.0,0.5619299,72.70898,-1
4.165731,160.83644,75.0,0.52665496,71.34293,-1
1.2178833,103.76567,291.0,0.5191469,71.399,-1
0.6896124,212.80174,260.0,0.4388437,71.399,-1
7.6124096,141.23497,465.0,0.79073733,71.386086,-1
1.6024976,205.29694,215.0,0.60497075,71.96941,-1
0.90541154,116.62387,181.0,0.6479475,71.96941,-1
2.5613968,247.38861,66.0,0.4661725,71.34293,-1
0.62532264,95.31882,290.0,0.36101016,71.399,-1
0.68960625,147.19905,283.0,0.41517395,71.399,-1
0.6424547,230.83336,248.0,0.40181145,71.386086,-1
2.7152798,233.32173,237.0,0.48275965,71.386086,-1
8.94887,171.66699,389.0,0.796103,71.386086,-1
0.94629735,203.25092,195.0,0.6534924,71.96941,-1
0.3113244,90.0,173.0,0.6381443,71.96941,-1
0.641656,215.606,185.0,0.52629715,72.70898,-1
0.4999401,158.06044,153.0,0.5481749,72.70898,-1
2.499727,95.31898,173.0,0.6396625,71.34293,-1
3.584509,323.85608,127.0,0.7422325,71.34293,-1
1.8102832,243.37473,151.0,0.75735146,71.34293,-1
0.6848669,270.0,270.0,0.52357316,71.399,-1
0.6496679,168.94974,286.0,0.50450855,71.399,-1
1.3171668,63.894844,254.0,0.44128886,71.399,-1
0.6983646,174.88518,248.0,0.45356694,71.386086,-1
0.47610173,148.4596,201.0,0.64671624,71.96941,-1
1.0990926,121.82684,195.0,0.6098451,72.70898,-1
0.49809623,90.0,161.0,0.64134294,72.70898,-1
1.0987326,114.96227,137.0,0.5610617,72.70898,-1
1.683956,338.3066,151.0,0.61204934,72.70898,-1
2.1191676,93.1347,146.0,0.68567854,72.70898,-1
0.85015756,61.4933,65.0,0.40381563,71.34293,-1
0.59547377,321.14682,269.0,0.6033097,71.399,-1
0.6075117,149.17531,279.0,0.43013075,71.399,-1
0.8792936,58.17238,251.0,0.51462126,71.386086,-1
2.2479117,242.35847,231.0,0.67357373,71.386086,-1
0.5829958,173.86955,194.0,0.59090495,71.96941,-1
0.6872946,94.83799,188.0,0.5536194,71.96941,-1
0.35333344,169.85092,184.0,0.5526907,71.96941,-1
0.52339464,56.374935,170.0,0.5927875,72.70898,-1
1.3964896,330.6376,143.0,0.6060993,72.70898,-1
1.3335009,232.52036,259.0,0.6779376,71.399,-1
1.2991658,191.0496,270.0,0.65051115,71.399,-1
0.21983476,121.8284,255.0,0.49685264,71.399,-1
0.8327123,167.03906,266.0,0.46341392,71.399,-1
0.7131248,119.18954,268.0,0.5208203,71.399,-1
0.17013584,47.044346,250.0,0.5752012,71.386086,-1
1.0333467,162.46907,212.0,0.63768435,71.386086,-1
5.921265,192.71022,257.0,0.6134175,71.386086,-1
7.2908173,72.036705,202.0,0.6695894,71.96941,-1
2.7373471,90.0,179.0,0.51239544,71.96941,-1
1.5915827,244.09067,170.0,0.57371193,71.96941,-1
0.74362355,112.93872,182.0,0.60493547,72.70898,-1
1.4880233,105.821075,142.0,0.7029938,72.70898,-1
0.97774535,72.757935,135.0,0.6934497,72.70898,-1
1.6273568,144.99123,245.0,0.49006492,71.399,-1
0.7762673,126.68161,256.0,0.50332814,71.386086,-1
2.472918,229.00858,234.0,0.50462675,71.386086,-1
2.3911824,202.97441,152.0,0.70411795,71.96941,-1
0.30373976,124.92748,143.0,0.6492671,72.70898,-1
2.1007183,6.80492,251.0,0.48346776,71.34293,-1
1.5725338,39.29216,252.0,0.56959623,71.34293,-1
4.9344807,190.14818,237.0,0.70930874,71.399,-1
1.3460385,172.02573,252.0,0.52314883,71.399,-1
0.68451875,201.33234,250.0,0.44441637,71.386086,-1
0.5954364,132.9574,253.0,0.582983,71.386086,-1
0.996408,110.42786,243.0,0.60231125,71.386086,-1
0.8734423,266.19492,245.0,0.6372283,71.386086,-1
0.49362713,241.98381,252.0,0.5862926,71.386086,-1
0.72518253,143.06496,187.0,0.664717,71.96941,-1
0.77633816,166.08035,178.0,0.69288975,71.96941,-1
1.2750895,180.0,176.0,0.6599921,71.96941,-1
0.6252284,264.6804,171.0,0.64016044,72.70898,-1
0.75597084,98.82123,169.0,0.6178796,72.70898,-1
1.1243081,297.64368,164.0,0.5969973,72.70898,-1
0.137341,294.9656,278.0,0.38902384,71.34293,-1
1.3560702,10.579329,251.0,0.5121674,71.34293,-1
1.6618524,131.49585,262.0,0.63154715,71.34293,-1
1.4327193,87.68165,57.0,0.38288274,71.34293,-1
0.9760355,224.5508,235.0,0.65756494,71.399,-1
1.2731394,162.94194,238.0,0.5285612,71.399,-1
0.62520957,84.68022,188.0,0.61875,71.96941,-1
0.47608194,328.46347,146.0,0.6842242,72.70898,-1
0.6225169,270.0,150.0,0.66502565,72.70898,-1
0.9326516,60.185772,236.0,0.66198015,71.34293,-1
0.33214805,290.429,53.0,0.46136016,71.34293,-1
3.7754219,219.95105,139.0,0.75580025,71.399,-1
3.7922819,270.87457,210.0,0.76037216,71.399,-1
1.061734,220.15706,245.0,0.46250084,71.399,-1
3.043487,244.04529,249.0,0.553403,71.399,-1
0.52749306,109.24886,238.0,0.6257715,71.386086,-1
0.7655182,227.04088,233.0,0.5688354,71.386086,-1
3.3244507,122.679405,207.0,0.76882464,71.386086,-1
0.6416097,35.60023,100.0,0.53370154,71.96941,-1
3.815702,245.82169,104.0,0.52039933,71.96941,-1
1.0598879,349.85242,155.0,0.6753573,72.70898,-1
0.8931171,321.15106,184.0,0.6355202,72.70898,-1
3.2598186,241.33986,127.0,0.6827385,71.399,-1
0.97760993,107.24453,225.0,0.6105709,71.399,-1
2.5674677,194.02208,252.0,0.6650152,71.399,-1
1.016324,165.81956,255.0,0.5771895,71.386086,-1
1.450085,143.06746,180.0,0.7526222,71.386086,-1
1.2313837,188.72176,194.0,0.61757165,71.386086,-1
1.9945376,188.97417,191.0,0.6543354,71.386086,-1
0.30371496,304.93076,181.0,0.68382174,71.96941,-1
4.1863256,199.96153,67.0,0.3668148,71.399,-1
2.8305163,250.88841,197.0,0.73941785,71.399,-1
1.3867685,250.46747,208.0,0.6967039,71.399,-1
1.3305701,214.14566,226.0,0.68557465,71.399,-1
1.0537431,159.2432,232.0,0.5112107,71.399,-1
1.5696918,184.54794,223.0,0.5905205,71.399,-1
1.2615868,156.75476,222.0,0.6401551,71.386086,-1
1.4500599,260.80057,230.0,0.5579237,71.386086,-1
0.3321303,110.43014,239.0,0.60270804,71.386086,-1
2.9856112,188.38443,171.0,0.74676913,71.386086,-1
0.17390402,-0.0,50.0,0.25494573,71.34293,-1
1.3398088,204.712,61.0,0.4421828,71.399,-1
1.7709953,233.91478,219.0,0.6984898,71.399,-1
0.6406543,174.42453,222.0,0.57663655,71.399,-1
1.2085592,204.3291,240.0,0.6420456,71.386086,-1
0.79360324,161.71635,247.0,0.71223164,71.386086,-1
4.448402,97.4725,145.0,0.7034344,71.96941,-1
4.2113495,235.71303,91.0,0.5085811,71.96941,-1
1.083169,77.640594,176.0,0.6714284,72.70898,-1
0.8209915,351.27878,184.0,0.6381299,72.70898,-1
2.2371063,201.19388,176.0,0.8039227,71.399,-1
3.0876937,231.76122,176.0,0.7863665,71.399,-1
0.57205415,101.69255,219.0,0.53165114,71.386086,-1
1.6220758,94.09756,207.0,0.63194597,71.386086,-1
2.028039,180.0,226.0,0.6222502,71.386086,-1
3.04931,87.82312,223.0,0.76828945,71.386086,-1
2.1961098,245.03107,116.0,0.5700309,71.96941,-1
0.82388794,245.03107,172.0,0.66000533,71.96941,-1
1.0722295,80.66708,186.0,0.64807075,71.96941,-1
0.9294957,3.83941,175.0,0.62691665,72.70898,-1
2.9856055,171.61632,208.0,0.7530035,71.386086,-1
5.548851,242.05402,94.0,0.5682185,71.386086,-1
0.84870464,221.29979,78.0,0.5440955,71.96941,-1
1.6816138,333.63824,157.0,0.70645237,71.96941,-1
0.45085138,255.0993,174.0,0.63320315,71.96941,-1
0.8268851,304.1108,182.0,0.6203437,72.70898,-1
1.1526606,36.433792,66.0,0.3638416,71.34293,-1
0.5112328,76.8929,48.0,0.23406176,71.399,-1
0.51031256,227.03568,52.0,0.3696589,71.399,-1
2.3384717,206.88632,167.0,0.7508194,71.399,-1
1.2500592,71.061386,198.0,0.79909396,71.386086,-1
2.6769195,92.48043,149.0,0.73286176,71.386086,-1
1.1996275,51.09052,179.0,0.5972356,71.96941,-1
1.0643057,276.253,186.0,0.64151096,72.70898,-1
0.985362,-0.0,202.0,0.6355541,72.70898,-1
1.924726,57.186012,63.0,0.4202668,71.79352,-1
5.0065765,284.71887,124.0,0.756447,71.908165,-1
1.1875691,222.93877,151.0,0.7621361,71.908165,-1
5.320508,277.49078,215.0,0.7626435,72.21227,-1
0.25561413,256.89252,77.0,0.44227466,72.21227,-1
0.425257,227.0348,79.0,0.2796667,72.21227,-1
0.12447785,90.0,77.0,0.124944,72.32661,-1
5.2279024,209.12761,143.0,0.73492783,72.32661,-1
1.4311564,90.0,61.0,0.42870224,71.908165,-1
1.6909231,186.33766,124.0,0.79697186,71.908165,-1
1.3157353,314.81323,153.0,0.7665989,71.908165,-1
1.4608661,352.65863,216.0,0.77151686,72.21227,-1
4.318824,223.6619,215.0,0.61337626,72.21227,-1
1.7183478,70.29075,257.0,0.6909808,72.21227,-1
8.630474,68.492714,189.0,0.7235272,72.21227,-1
3.2973735,70.50934,80.0,0.6236798,72.21227,-1
2.63511,250.74681,108.0,0.47490147,72.32661,-1
8.069868,202.99945,220.0,0.68665266,72.32661,-1
2.799723,134.70113,152.0,0.59444475,72.32661,-1
1.2062467,298.71777,182.0,0.7037163,72.64886,-1
2.1329868,130.68854,75.0,0.41177914,71.79352,-1
4.3747845,227.58754,65.0,0.626112,71.908165,-1
4.7457285,167.14838,91.0,0.7060323,71.908165,-1
1.8780416,253.87718,95.0,0.7136446,71.908165,-1
2.8990679,125.40648,132.0,0.7808429,71.908165,-1
1.4977974,85.561615,217.0,0.6551202,72.21227,-1
1.4034278,172.3565,170.0,0.6453158,72.21227,-1
1.2811463,174.42554,195.0,0.5735252,72.21227,-1
2.0315948,78.48353,83.0,0.5622046,72.21227,-1
0.49349874,61.975883,78.0,0.41868576,72.32661,-1
4.0237637,44.016617,202.0,0.7390303,72.32661,-1
0.6496571,348.95465,185.0,0.63796604,72.64886,-1
1.0507073,353.19733,210.0,0.6887565,72.64886,-1
5.2152185,153.87599,166.0,0.7046171,72.64886,-1
6.1698847,136.10759,142.0,0.6553224,72.64886,-1
1.643371,259.84445,142.0,0.71019566,71.79352,-1
3.449932,262.2842,199.0,0.7072369,71.908165,-1
1.3688374,193.13692,254.0,0.6567014,71.908165,-1
1.989744,125.622025,177.0,0.65359503,72.21227,-1
1.4881368,218.84044,95.0,0.4710903,72.32661,-1
9.49874,223.48077,170.0,0.7326611,72.32661,-1
3.35285,313.69183,165.0,0.7215602,72.32661,-1
5.895286,348.4713,170.0,0.7508035,71.79352,-1
1.4255345,119.20064,230.0,0.5694742,72.21227,-1
1.6089354,149.82184,160.0,0.71230215,72.21227,-1
4.239999,78.98565,107.0,0.5471167,72.32661,-1
1.9962693,334.13464,176.0,0.7411823,72.32661,-1
0.21385367,324.4088,201.0,0.5150054,72.64886,-1
4.0432506,27.449247,212.0,0.7806477,71.79352,-1
3.8302898,155.05267,87.0,0.59055614,71.79352,-1
3.0218008,175.27934,80.0,0.4400981,71.79352,-1
0.7094781,206.01054,83.0,0.73838294,71.908165,-1
0.7128611,299.2014,212.0,0.74645877,72.21227,-1
1.3997422,41.815628,128.0,0.544793,72.32661,-1
1.9452485,202.56549,91.0,0.5373973,72.32661,-1
0.9602224,344.97708,205.0,0.50531554,72.64886,-1
4.98109,124.66711,75.0,0.62123543,72.64886,-1
1.1628033,161.27313,71.0,0.4997209,72.64886,-1
3.8954103,81.45523,119.0,0.7313989,71.79352,-1
0.43949944,58.158356,61.0,0.45368022,71.908165,-1
0.56302327,275.9094,141.0,0.74515927,71.908165,-1
1.0719448,279.33542,161.0,0.75073546,71.908165,-1
0.7210802,223.65756,170.0,0.6870308,72.21227,-1
2.4268203,11.83012,190.0,0.74950916,72.21227,-1
3.3418472,243.22498,209.0,0.7683128,72.21227,-1
1.6340083,81.84418,77.0,0.43860012,72.32661,-1
7.202863,236.46962,147.0,0.598659,72.32661,-1
5.4726677,231.4612,209.0,0.6682291,72.64886,-1
2.9855902,8.38168,210.0,0.5632053,72.64886,-1
3.60859,354.0691,206.0,0.5541393,72.64886,-1
4.3520045,324.1888,243.0,0.67612207,72.64886,-1
0.6305798,117.36281,67.0,0.46841154,72.64886,-1
2.4281204,87.26488,207.0,0.72144324,71.79352,-1
4.572941,105.404854,165.0,0.6686938,71.79352,-1
0.17390402,-0.0,71.0,0.37521812,71.79352,-1
0.607252,55.058647,61.0,0.39745328,71.908165,-1
0.4105137,351.28162,58.0,0.39242277,71.908165,-1
0.7250555,216.92169,61.0,0.45225403,71.908165,-1
1.9259812,129.18452,196.0,0.7799815,72.21227,-1
1.8263775,17.850342,268.0,0.7425534,72.21227,-1
2.5296705,200.1295,170.0,0.73426294,71.79352,-1
4.978903,357.1418,112.0,0.6711675,71.79352,-1
0.26315635,331.7772,70.0,0.36504394,71.79352,-1
0.3909245,72.74859,59.0,0.33594468,71.908165,-1
0.7250476,216.92087,201.0,0.5338717,71.908165,-1
0.7270629,230.37204,199.0,0.49993557,71.908165,-1
4.7833977,138.55644,136.0,0.64252543,72.21227,-1
0.69558406,180.0,125.0,0.5833848,72.21227,-1
1.7385118,-0.0,216.0,0.7623814,72.21227,-1
2.4712555,37.15139,111.0,0.65007395,72.32661,-1
1.0576868,90.0,80.0,0.41869962,72.32661,-1
0.6983611,354.88843,77.0,0.29930252,72.32661,-1
1.9222316,339.14868,101.0,0.6051381,72.32661,-1
13.664153,264.9863,222.0,0.76567,72.64886,-1
4.9915886,355.00668,351.0,0.750378,72.64886,-1
2.6808407,152.36267,75.0,0.4456132,72.64886,-1
0.4244242,162.94974,55.0,0.42143983,72.64886,-1
3.387116,235.65918,116.0,0.77225643,71.908165,-1
1.2170473,103.775314,109.0,0.6001794,72.21227,-1
2.7337728,174.78041,120.0,0.5569577,72.21227,-1
1.8093188,63.35941,222.0,0.7565107,72.21227,-1
7.621798,259.1046,240.0,0.7336529,72.64886,-1
13.374339,180.2617,361.0,0.74466395,72.64886,-1
16.440735,122.56712,250.0,0.7043453,72.64886,-1
0.59286785,167.88383,56.0,0.37551284,72.64886,-1
2.0237393,53.038673,248.0,0.6261593,71.79352,-1
4.697948,56.357307,164.0,0.5618785,71.79352,-1
1.2841861,309.18707,118.0,0.7172374,71.79352,-1
5.2460012,341.3771,165.0,0.69929516,71.79352,-1
3.7977917,19.098007,166.0,0.7277817,71.79352,-1
0.5110712,283.11133,53.0,0.46729788,71.908165,-1
1.717933,70.2858,157.0,0.5455641,72.21227,-1
2.5503626,244.43256,82.0,0.51239234,72.21227,-1
5.2961335,349.1968,247.0,0.74392855,72.21227,-1
0.062220152,90.0,77.0,0.22898477,72.32661,-1
5.890956,334.4363,174.0,0.70553327,72.32661,-1
0.26315278,151.77864,69.0,0.55570424,72.64886,-1
0.6305196,117.36564,63.0,0.5006963,72.64886,-1
3.134126,29.722643,181.0,0.564769,71.79352,-1
2.196224,58.154472,82.0,0.49112934,71.908165,-1
0.26315102,208.22063,59.0,0.4374912,71.908165,-1
5.121443,258.936,120.0,0.63532823,72.21227,-1
6.5475893,263.4199,160.0,0.7526759,72.21227,-1
10.241159,273.85312,262.0,0.752686,72.21227,-1
2.8840864,45.34131,152.0,0.69327974,72.32661,-1
0.8487952,162.9512,223.0,0.72632855,72.32661,-1
6.813882,187.83498,94.0,0.4898352,72.64886,-1
2.7913694,354.88904,162.0,0.6939422,71.79352,-1
2.9537578,-0.0,205.0,0.67739594,71.79352,-1
3.6669343,71.594795,118.0,0.5714088,71.79352,-1
0.82358044,65.0211,53.0,0.2998737,71.908165,-1
0.36939263,199.68527,61.0,0.44832492,71.908165,-1
4.6464276,235.93158,94.0,0.7161721,71.908165,-1
3.6204486,84.49457,146.0,0.64483523,72.21227,-1
0.6406514,174.42722,74.0,0.427159,72.21227,-1
10.430066,56.280807,269.0,0.7483446,72.32661,-1
6.820371,236.64392,158.0,0.75313866,72.32661,-1
13.919539,111.05348,205.0,0.73951775,72.32661,-1
5.4994574,126.79646,119.0,0.5272617,72.64886,-1
0.87286276,273.80762,188.0,0.6868177,71.79352,-1
1.1524884,143.57782,78.0,0.5051654,72.21227,-1
10.8849535,232.76752,295.0,0.70560735,72.21227,-1
11.010862,81.02579,169.0,0.7459759,72.32661,-1
0.5952239,132.97644,72.0,0.42979243,72.64886,-1
0.21971937,121.847084,54.0,0.5021154,72.64886,-1
4.4134493,190.538,203.0,0.7106437,71.79352,-1
6.0423822,137.38895,206.0,0.6764191,71.79352,-1
0.6221021,90.0,56.0,0.3738218,71.908165,-1
0.54904735,114.98022,51.0,0.41739216,71.908165,-1
0.54904735,245.01978,59.0,0.46310976,71.908165,-1
0.17006683,227.02269,53.0,0.5161737,71.908165,-1
3.2395976,57.572163,236.0,0.77634746,72.21227,-1
8.410901,208.0331,279.0,0.6898417,72.32661,-1
0.6843066,90.0,79.0,0.51147145,72.32661,-1
0.4105117,171.28345,69.0,0.42753872,72.64886,-1
0.2550993,47.022694,63.0,0.5191039,72.64886,-1
0.0850336,132.97731,59.0,0.4650481,72.64886,-1
0.31641528,79.44373,58.0,0.46384364,72.64886,-1
0.3110602,90.0,54.0,0.43991265,72.64886,-1
0.1866373,90.0,44.0,0.4410828,72.64886,-1
0.47599125,211.51872,57.0,0.46806267,71.908165,-1
0.13726237,114.98088,57.0,0.39786386,71.908165,-1
5.2481008,117.55599,100.0,0.5261052,72.21227,-1
4.8133464,53.07682,259.0,0.77586865,72.21227,-1
7.5634313,167.24461,329.0,0.77569777,72.32661,-1
6.786256,167.88597,167.0,0.7254244,72.32661,-1
4.5685267,97.27414,165.0,0.7671289,72.32661,-1
0.9491409,100.55658,76.0,0.6320893,72.64886,-1
0.5862622,107.254845,69.0,0.5281464,72.64886,-1
0.29764912,141.16972,48.0,0.42271742,72.64886,-1
0.17390402,180.0,47.0,0.4102436,72.64886,-1
1.1818013,90.0,229.0,0.6322183,71.79352,-1
1.3683354,90.0,220.0,0.6375559,71.79352,-1
1.5319111,341.04703,224.0,0.5420964,71.79352,-1
1.2423092,11.552715,96.0,0.56483436,71.79352,-1
2.2847672,24.091722,93.0,0.6129609,71.908165,-1
1.0666033,49.29947,50.0,0.43096682,71.908165,-1
6.70161,152.48277,121.0,0.48720133,72.21227,-1
0.28983843,180.0,62.0,0.45488584,72.21227,-1
1.0218854,283.11362,251.0,0.621253,72.32661,-1
0.057968166,180.0,74.0,0.64484,72.32661,-1
3.762849,109.781334,108.0,0.63261354,72.32661,-1
0.64210373,129.19215,68.0,0.46975273,72.64886,-1
0.29764557,141.17056,54.0,0.3970319,72.64886,-1
